name,year,rating,metascore,num_votes
Rang De Basanti,2006,8.2,,110215.0
Lage Raho Munna Bhai,2006,8.1,,42389.0
Don,I) (2006,7.2,,33911.0
Fanaa,2006,7.2,,30527.0
Dhoom 2,2006,6.5,,23474.0
Khosla's Nest,2006,8.3,,22046.0
The Namesake,2006,7.5,82.0,19242.0
Omkara,2006,8.1,,18922.0
Kabhi Alvida Naa Kehna,2006,6.1,,18049.0
Krrish,2006,6.4,68.0,18025.0
Phir Hera Pheri,2006,6.9,,17280.0
Hotchpotch: Fun Unlimited,2006,7.4,,14910.0
Bhagam Bhag,2006,6.4,,10734.0
Taxi No. 9 2 11: Nau Do Gyarah,2006,7.2,,9079.0
Vivah,2006,6.6,,8875.0
Chup Chup Ke,2006,6.8,,8338.0
Sweetheart,2006,6.0,40.0,7908.0
Malamaal Weekly,2006,6.9,,5698.0
Dor,2006,7.9,,5621.0
Gangster,2006,7.1,,5330.0
36 China Town,2006,5.7,,4193.0
Humko Deewana Kar Gaye,2006,5.2,,3880.0
Zinda,2006,4.9,,3191.0
Kabul Express,2006,6.8,,3075.0
A Father's Affection for His Daughter,2006,5.4,,3020.0
Pyaar Ke Side Effects,2006,6.7,,2968.0
Corporate,2006,6.5,,1914.0
Darna Zaroori Hai,2006,5.4,,1870.0
Apna Sapna Money Money,2006,5.3,,1844.0
Family: Ties of Blood,2006,5.6,,1819.0
Umrao Jaan,2006,5.5,,1818.0
Valley of Flowers,2006,7.0,,1759.0
Sainikudu,2006,5.1,,1598.0
Ahista Ahista,2006,7.0,,1435.0
Aathi,2006,3.8,,1435.0
Fight Club: Members Only,2006,3.2,,1341.0
Woh Lamhe,2006,6.5,,1234.0
Different,2006,3.8,,1143.0
Khan kluay,2006,6.0,,1126.0
I See You,2006,4.1,,1103.0
Aksar,2006,4.8,,1103.0
I'm Screwed by Getting Married,2006,4.0,,1030.0
Naksha,2006,3.2,,1019.0
The Killer,2006,4.6,,1017.0
Mere Jeevan Saathi,2006,3.5,,862.0
Aap Ki Khatir,2006,3.5,,836.0
Faryad moorcheha,2006,6.0,,831.0
Pyare Mohan,2006,3.3,,798.0
Sandwich,2006,5.4,,772.0
The Love Season,2006,2.2,,757.0
Bangaram,2006,4.7,,723.0
Shaadi Se Pehle,2006,4.0,,722.0
Yun Hota Toh Kya Hota,2006,6.6,,636.0
Mixed Doubles,2006,6.4,,624.0
My Faraway Bride,2006,4.7,,609.0
Anthony Kaun Hai?,2006,5.3,,593.0
Deadline: Sirf 24 Ghante,2006,6.3,,553.0
"Tom, Dick, and Harry",2006,3.1,,547.0
Humko Tumse Pyaar Hai,2006,4.8,,527.0
Bas Ek Pal,2006,5.9,,491.0
Dil Diya Hai,2006,3.5,,457.0
Jawani Diwani: A Youthful Joyride,2006,2.9,,449.0
Tathastu,2006,4.5,,448.0
Gafla,2006,7.3,,434.0
Ankahee,2006,4.1,,358.0
Anuranan,2006,6.8,,354.0
Darwaza Bandh Rakho,2006,5.3,,325.0
Shiva,2006,3.9,,320.0
Banaras,2006,6.2,,312.0
Rocky,2006,4.0,,310.0
Aryan: Unbreakable,2006,4.4,,299.0
Teesri Aankh: The Hidden Camera,2006,2.6,,289.0
Boss,2006,4.3,,288.0
Jigyaasa,2006,3.6,,258.0
Zindaggi Rocks,2006,4.0,,233.0
Chingaari,2006,4.7,,178.0
Jaane Hoga Kya,2006,2.7,,162.0
Bhoot Unkle,2006,4.1,,149.0
Return to Rajapur,2006,6.2,,148.0
Holiday,2006,4.5,,137.0
Yatra,2006,6.4,,130.0
Ladies Tailor,2006,3.6,,117.0
Hyderabad Nawabs,2006,6.8,,111.0
Sarhad Paar,2006,4.1,,111.0
Aatma,2006,4.2,,77.0
Hubballi,2006,6.9,,76.0
Sivappathikaaram,2006,5.4,,70.0
Kudiyon Ka Hai Zamaana,2006,3.7,,67.0
Umar,2006,5.5,,64.0
Thirupathi,2006,6.4,,59.0
Ganga,2006,4.7,,59.0
Come December,2006,5.7,,57.0
Naughty Boy,2006,3.6,,54.0
Mera Dil Leke Dekho,2006,6.8,,54.0
Free Entry,2006,5.1,,52.0
Chinnodu,2006,4.3,,48.0
Mr. 100%,2006,4.5,,45.0
Prateeksha,2006,5.6,,44.0
Little Box of Sweets,2006,6.4,,44.0
Souten: The Other Woman,2006,4.8,,42.0
Rehguzar,2006,6.1,,42.0
Aaj Ka Gunda Raaj,2006,6.4,,40.0
Iqraar: By Chance,2006,4.8,,39.0
Love Ke Chakkar Mein,2006,4.3,,39.0
Unns: Love... Forever,2006,3.4,,38.0
Men Not Allowed,2006,3.7,,36.0
Ei8ht Shani,2006,4.6,,36.0
Jaana... Let's Fall in Love,2006,5.8,,33.0
Kachchi Sadak,2006,6.2,,30.0
Utthaan,2006,4.3,,30.0
Jai Santoshi Maa,2006,6.7,,29.0
Shoonya,2006,7.1,,29.0
Chand Ke Paar Chalo,2006,6.8,,28.0
Bold,2006,4.9,,27.0
Janani,2006,4.7,,25.0
Sacred Evil,2006,6.0,,24.0
Katputtli,2006,5.8,,23.0
Shahji ki Advice,2006,7.5,,22.0
With Luv... Tumhaara,2006,6.6,,21.0
Offshore,2006,6.6,,19.0
Aisa Kyon Hota Hai?,2006,4.2,,19.0
Kizhakku Kadarkarai Salai,2006,3.3,,18.0
Aaj Ka Laawaris,2006,6.3,,18.0
Sun Zarra,2006,5.9,,16.0
Doodh Aur Apheem,2006,7.1,,16.0
Ek Se Mera Kya Hoga,2006,4.7,,14.0
Hota Hai Dil Pyaar Mein Paagal,2006,5.4,,14.0
Love in Japan,2006,3.2,,12.0
Devi Maa,2006,7.2,,12.0
Dil Se Pooch... Kidhar Jaana Hai,2006,6.9,,12.0
We R Friends,2006,5.5,,11.0
Adharm,2006,5.9,,9.0
Vidhyaarthi: The Power of Students,2006,5.6,,9.0
Dhadkanein,2006,5.0,,9.0
Madhubaala,2006,3.5,,8.0
Anokhe Amar Shaheed Baba Deep Singh Ji,2006,7.2,,8.0
Struggler,2006,6.6,,8.0
Palak,2006,6.1,,7.0
Shaitani Dracula,2006,5.0,,5.0
Meri Majboorii...,2006,2.4,,5.0
Hitlist,2006,,,
Butterfly Chase,2006,,,
BANDU BOXER,2006,,,
LUKKA CHUPPI,2006,,,
LILKEE,2006,,,
Tera Pati Mera Pyaar,2006,,,
Garam Padosan,2006,,,
Kaamwali,2006,,,
Red Light,II) (2006,,,
Bhakla,2006,,,
Ishaara: Call of Love,2006,,,
Siyaasat: The Politics,2006,,,
Chaska: An Addiction,2006,,,
No Parking,2006,,,
Virana,2006,,,
Ek Pal: The Unforgettable Moment,2006,,,
My Daddy Strongest,2006,,,
Insaaf Ki Jung,2006,,,
Kho Gaye Hum Pyar Mein,2006,,,
Rosy,2006,,,
Husn Bewafa,2006,,,
Ishq Na Karna,2006,,,
Karo Na... Pyar,2006,,,
Husn: Love and Betrayal,2006,,,
"Haseena: Smart, Sexy, Dangerous",2006,,,
Bipasha: The Black Beauty,2006,,,
Night Lover,2006,,,
Formula 69,2006,,,
Strings,2006,,,
Hot Money,2006,,,
Charminar Boys,2006,,,
Yeh Raat,2006,,,
Rafta Rafta: The Speed,2006,,,
Manoranjan: The Entertainment,2006,,,
Jagat Jogini Maa Khodiyar,2006,,,
Billi: The Wild Cat,2006,,,
Saperan,2006,,,
Karuna,2006,,,
Dhouns,2006,,,
Mannu Dhakad Man,2006,,,
Bedhadak,2006,,,
Khadtal,2006,,,
Koi Hai Yaaha,2006,,,
Sauda the deal,2006,,,
Kya Tum Ho,2006,,,
Moonlight: Unfortunately a Love Story,2006,,,
Taare Zameen Par,2007,8.4,,164697.0
Chak De! India,2007,8.2,68.0,72980.0
Jab We Met,2007,7.9,,46958.0
Om Shanti Om,2007,6.7,,38353.0
Guru,2007,7.7,70.0,21707.0
Bhool Bhulaiyaa,2007,7.3,,21400.0
Namastey London,2007,7.1,,20446.0
Welcome,I) (2007,6.9,,18045.0
Heyy Babyy,2007,6.0,,13088.0
Dhamaal,2007,7.3,,12915.0
Johnny the Traitor,2007,7.8,,11381.0
Bheja Fry,2007,7.6,,11084.0
Partner,2007,5.7,,11051.0
Life in a Metro,2007,7.4,,10909.0
Shootout at Lokhandwala,2007,7.1,,9282.0
My Love,2007,5.2,44.0,7245.0
Manorama: Six Feet Under,2007,7.6,,7034.0
Fire,2007,1.7,,6518.0
No Smoking,2007,7.2,,6510.0
Awarapan,2007,7.3,,6389.0
A Tribute to Love,2007,5.1,,5113.0
Dhol,2007,6.3,,4977.0
Less Sugar,2007,6.8,,4852.0
Ek Chalis Ki Last Local,2007,7.3,,4700.0
Ta Ra Rum Pum,2007,5.6,49.0,4206.0
The Royal Guard,2007,6.1,69.0,3115.0
Keep Dancing,2007,3.7,,2977.0
Aaja Nachle,2007,6.2,,2898.0
Apne,2007,6.0,,2748.0
Dil Dosti Etc,2007,7.0,,2735.0
Dhan Dhana Dhan Goal,2007,5.0,,2313.0
Honeymoon Travels Pvt. Ltd.,2007,6.1,,2290.0
Journey of a Woman,2007,5.3,,2269.0
MP3: Mera Pehla Pehla Pyaar,2007,7.0,,2130.0
Fool N Final,2007,3.4,,1846.0
Cash,2007,3.4,,1809.0
1971,2007,8.1,,1722.0
Athidhi,2007,5.5,,1718.0
"Good Boy, Bad Boy",2007,3.7,,1639.0
Joy: The Real Love Story,2007,2.1,,1586.0
Speechless,2007,5.4,,1570.0
"Gandhi, My Father",2007,7.3,57.0,1569.0
Ten Stories,2007,5.7,,1514.0
Traffic Signal,2007,6.5,,1488.0
Desamuduru,2007,6.2,,1426.0
Naqaab,2007,5.4,,1336.0
The Last Lear,2007,7.0,,1046.0
Chain Kulii Ki Main Kulii,2007,5.5,,1045.0
The Train: Some Lines Should Never Be Crossed...,2007,4.3,,1034.0
Dharm,2007,8.0,,988.0
Anwar,2007,6.7,,850.0
Aalwar,2007,3.1,,771.0
Big Brother,2007,3.8,,757.0
Return of Hanuman,2007,7.1,,591.0
Darling,III) (2007,3.8,,573.0
Shakalaka Boom Boom,2007,2.3,,572.0
Risk,2007,6.7,,541.0
Khoya Khoya Chand,2007,6.3,,512.0
Speed,2007,2.9,,508.0
Nehlle Pe Dehlla,2007,3.8,,469.0
Just Married,2007,5.3,,467.0
Dhokha,2007,6.3,,440.0
Hattrick,2007,4.2,,436.0
Thulasi,2007,5.5,,394.0
Nanhe Jaisalmer: A Dream Come True,2007,6.0,,394.0
Journey Bombay to Goa: Laughter Unlimited,2007,4.5,,355.0
Lezioni di volo,2007,6.2,,355.0
Swami,2007,6.9,,354.0
Buddha Mar Gaya,2007,2.5,,346.0
Kya Love Story Hai,2007,3.6,,338.0
Strangers,III) (2007,5.0,,330.0
Red: The Dark Side,2007,3.3,,300.0
Aggar: Passion Betrayal Terror,2007,4.1,,275.0
Raqeeb,2007,4.2,,273.0
Life Mein Kabhie Kabhiee,2007,5.9,,261.0
Undertrial,2007,6.7,,225.0
Red Swastik,2007,2.9,,215.0
Frozen,2007,7.1,,191.0
Mumbai Salsa,2007,4.9,,181.0
The Great Indian Butterfly,2007,6.2,,179.0
Delhii Heights,2007,4.4,,179.0
Aarya,2007,4.6,,177.0
Kaafila,2007,3.3,,170.0
Apna Asmaan,2007,6.3,,160.0
Victoria No. 203: Diamonds Are Forever,2007,3.5,,148.0
Cape Karma,2007,4.3,,139.0
Go,2007,2.8,,139.0
My Friend Ganesha,2007,4.5,,134.0
Fear,I) (2007,3.7,,125.0
Showbiz,2007,3.7,,112.0
Gauri: The Unborn,2007,3.6,,106.0
Chhodon Naa Yaar,2007,4.7,,90.0
Say Salaam India: 'Let's Bring the Cup Home',2007,6.4,,85.0
50 Lakh,2007,6.6,,76.0
Raakh: A Poem Masked in Blood,2007,3.7,,66.0
Deha,2007,6.5,,64.0
It's Breaking News,2007,5.5,,61.0
Anjaam,2007,6.2,,60.0
Kaisay Kahein...,2007,6.3,,53.0
Evadithe Nakenti,2007,6.4,,52.0
Ghutan,2007,5.1,,48.0
Khanna & Iyer,2007,5.2,,48.0
Humne Jeena Seekh Liya,2007,7.1,,47.0
Ek Krantiveer: Vasudev Balwant Phadke,2007,6.6,,37.0
F. M. (Fun Aur Masti),2007,8.2,,36.0
Manikanda,2007,4.0,,35.0
Jahan Jaaeyega Hamen Paaeyega,2007,4.2,,35.0
Salaam Bacche,2007,5.8,,34.0
Aur Pappu Pass Ho Gaya,2007,4.5,,31.0
Jai Jagannath,2007,7.6,,28.0
Mahek,2007,8.0,,28.0
Gangotri,2007,6.9,,27.0
68 Pages,2007,6.4,,27.0
Naya Jigar,2007,6.6,,26.0
Chandrahas,2007,4.4,,25.0
Staying Alive,2007,6.5,,23.0
Game,2007,5.7,,22.0
Inimey Nangathan,2007,6.6,,20.0
Mr. Hot Mr. Kool,2007,4.2,,20.0
Hungama in Dubai,2007,6.5,,17.0
Foto,2007,6.4,,16.0
Old Iss Gold,2007,5.6,,14.0
Dahek: A Restless Mind,2007,6.2,,13.0
Kuch Khatta Kuch Meetha,2007,4.2,,13.0
Dumkata,2007,5.2,,12.0
Highway 203,2007,5.9,,12.0
Dosh,2007,6.1,,10.0
Adhura Sapna,2007,5.1,,10.0
Wounded,2007,6.2,,10.0
Khallas: The Beginning of End,2007,4.4,,9.0
Main Rony Aur Jony,2007,6.3,,9.0
Gabbar Singh,2007,5.2,,8.0
Satyabhama,2007,4.9,,8.0
Sirf Romance: Love by Chance,2007,4.5,,8.0
Nirakar Chhaya,2007,7.4,,7.0
Eik Dasttak,2007,5.6,,7.0
Kunwara Paying Guest,2007,6.5,,6.0
Shri Siddhivinayak Mahima,2007,4.8,,6.0
I'm in Love,2007,,,
Rickshawali,2007,,,
Ek Elan-e-jung,2007,,,
Tales of Siva 2,2007,,,
The Fighter,2007,,,
Parveen Bobby,2007,,,
Kahi Hai Woh Aas Pass,2007,,,
Trouble in Paradyz,2007,,,
Girl from Fiji,2007,,,
Jodi,2007,,,
Golden Boys,2007,,,
Lara,2007,,,
Ek Zakhm: The Blast,2007,,,
Miss Anara,2007,,,
Doodhwali,2007,,,
Kaise Kahe,2007,,,
Devon Mein Dev Shanidev,2007,,,
Panga Naa Lo,2007,,,
Tsunami 81,2007,,,
Bed Room,2007,,,
Luv Kush - The amazing twins,2007,,,
Sant Ravidas II,2007,,,
Dakka,2007,,,
Senapati,2007,,,
Dhakad Chhora 2,2007,,,
Chhat Pe,2007,,,
Asar,2007,,,
Cocktail: The Deadly Combination,2007,,,
Unity of Light by A.R rahman,2007,,,
Jungle Love,2007,,,
Mastani Girls,2007,,,
Ilzaam,2007,,,
Ghat: The Hill Station,2007,,,
Slumdog Millionaire,2008,8.0,84.0,790916.0
A Wednesday,2008,8.1,,73143.0
Ghajini,2008,7.3,,55703.0
Rab Ne Bana Di Jodi,2008,7.2,,43221.0
Jodhaa Akbar,2008,7.6,69.0,29475.0
Jaane Tu... Ya Jaane Na,2008,7.5,,25239.0
Rock On!!,2008,7.7,,20650.0
Oye Lucky! Lucky Oye!,2008,7.7,,16104.0
Singh Is King,2008,5.7,,14092.0
Friendship,2008,6.5,,13653.0
Race,I) (2008,6.7,,12822.0
Fashion,2008,6.9,,11567.0
Aamir,2008,7.7,,10536.0
Watch Out Ladies,2008,6.2,,10240.0
Bhootnath,2008,6.3,,7938.0
Reign of Government,2008,6.8,,7119.0
Golmaal Returns,2008,5.1,,6888.0
Dasvidaniya,2008,7.8,,5976.0
Mumbai Meri Jaan,2008,7.7,,5814.0
The Other End of the Line,2008,6.2,40.0,5746.0
Jannat: In Search of Heaven...,2008,6.9,,5745.0
Kismat Konnection,2008,5.2,,5180.0
Tashan,2008,3.8,,4842.0
Prince,2008,4.1,,3906.0
Shaurya: It Takes Courage to Make Right... Right,2008,7.3,,3787.0
God You Are Great,2008,3.6,,3658.0
Welcome to Sajjanpur,2008,6.9,,3039.0
1920,2008,6.4,,2902.0
Sunday,I) (2008,5.3,,2507.0
Desh Drohi,2008,1.4,,2409.0
One Two Three,2008,5.3,,2400.0
U Me Aur Hum,2008,5.9,,2394.0
The Legend of Drona,2008,2.0,,2371.0
Thoda Pyaar Thoda Magic,2008,4.9,,2276.0
Love Story 2050,2008,2.6,,2273.0
Kidnap,2008,4.6,,2271.0
Halla Bol,2008,6.1,,2159.0
Heroes,2008,5.6,,1989.0
Firaaq,2008,7.4,,1971.0
Krazzy 4,2008,4.2,,1963.0
Mere Baap Pehle Aap,2008,5.3,,1935.0
Mithya,2008,7.1,,1891.0
Hello,II) (2008,3.3,,1872.0
Rang Rasiya,2008,7.0,,1783.0
Roadside Romeo,2008,5.2,,1279.0
Phoonk,2008,3.9,,1243.0
Karzzzz,2008,2.1,,1187.0
Mission Istaanbul,2008,3.4,,1053.0
Sorry Bhai!,2008,6.2,,1008.0
C Kkompany,2008,5.4,,989.0
Maharathi,2008,7.1,,930.0
Y.M.I. Yeh Mera India,2008,7.7,,901.0
De Taali,2008,4.0,,785.0
Ugly Aur Pagli,2008,3.7,,695.0
Superstar,2008,6.0,,687.0
Dil Kabaddi,2008,5.8,,637.0
Antardwand,2008,7.3,,607.0
Black & White,I) (2008,6.3,,565.0
EMI: Liya Hai To Chukana Padega,2008,4.2,,559.0
Money Hai Toh Honey Hai,2008,2.8,,543.0
Chamku,2008,4.0,,504.0
Maan Gaye Mughall-E-Azam,2008,3.2,,481.0
My Name Is Anthony Gonsalves,2008,3.5,,457.0
Ek Vivaah... Aisa Bhi,2008,5.2,,422.0
Bombay to Bangkok,2008,4.6,,407.0
Woodstock Villa,2008,3.4,,381.0
Mukhbiir,2008,7.0,,375.0
Mehbooba,2008,3.5,,338.0
Hijack,2008,3.7,,303.0
Hari Puttar: A Comedy of Terrors,2008,1.9,,270.0
"Oh, My God!!",2008,5.4,,259.0
Rama Rama Kya Hai Dramaaa,2008,3.9,,249.0
Ru-Ba-Ru,2008,5.5,,245.0
Anamika: The Untold Story,2008,3.3,,243.0
Haal-e-Dil,2008,3.4,,234.0
Summer 2007,2008,6.3,,233.0
Contract,2008,4.1,,227.0
Hulla,2008,6.4,,212.0
Khela,2008,7.2,,205.0
Jimmy,2008,1.6,,186.0
Mr. White Mr. Black,2008,3.4,,182.0
Sathyam,2008,5.1,,173.0
Ram Raaj,2008,4.7,,166.0
Souryam,2008,5.8,,155.0
Via Darjeeling,2008,5.5,,155.0
Bhram: An Illusion,2008,4.1,,108.0
Mumbai Cutting,2008,6.2,,104.0
Karma: Crime. Passion. Reincarnation,2008,5.3,,101.0
Pazhani,2008,2.7,,100.0
Saas Bahu Aur Sensex,2008,5.2,,93.0
Sirf....: Life Looks Greener on the Other Side,2008,6.0,,91.0
Meerabai Not Out,2008,3.9,,86.0
Gumnaam: The Mystery,2008,3.8,,85.0
Dashavatar,2008,6.5,,84.0
Dhoom Dadakka,2008,3.4,,82.0
When Kiran Met Karen,2008,5.0,,81.0
Gooli,2008,6.5,,74.0
Wafaa,2008,3.8,,73.0
Kaamannana Makkalu,2008,6.8,,71.0
Phir Kabhi,2008,7.0,,70.0
Tulsi: Mathrudevobhava,2008,6.1,,70.0
Bach ke Zara,2008,2.8,,65.0
Visakha Express,2008,4.9,,65.0
Don Muthu Swami,2008,4.8,,56.0
My Friend Ganesha 2,2008,4.4,,52.0
Rafoo Chakkar: Fun on the Run,2008,3.4,,51.0
Ocean of an Old Man,2008,6.8,,41.0
Ghatothkach,2008,6.7,,38.0
Thodi Life Thoda Magic,2008,4.1,,38.0
Pirate's Blood,2008,4.1,,37.0
"Lovesongs: Yesterday, Today & Tomorrow",2008,5.3,,37.0
Pranali: The Tradition,2008,6.0,,35.0
Yaar Meri Zindagi,2008,5.0,,34.0
Veer Yodha Prithviraj Chauhan,2008,7.4,,33.0
26th July at Barista,2008,3.1,,30.0
Kahaani Gudiya Ki...: True Story of a Woman,2008,6.0,,30.0
Khushboo: The Fragraance of Love,2008,3.9,,22.0
Chanchal,2008,4.1,,22.0
Khallballi: Fun Unlimited,2008,6.1,,17.0
Good Luck!,2008,3.1,,16.0
Hum Sey Hai Jahaan,2008,3.8,,15.0
Cheenti Cheenti Bang Bang,2008,4.2,,14.0
The Firm Land,2008,5.8,,12.0
Tathagatha Buddha The Life & Times of Gautama Buddha,2008,6.8,,11.0
Dhara,2008,4.6,,10.0
Saanncha,2008,5.8,,10.0
Phir Tauba Tauba,2008,2.9,,8.0
Love Has No Language,2008,6.2,,8.0
Secrets of the Seven Sounds,2008,4.1,,8.0
Mission: The Last War,2008,6.0,,7.0
Zabardast,2008,5.0,,7.0
Pehli Nazar Ka Pyaar,2008,5.6,,5.0
Memsahab,2008,,,
Surabhi,2008,,,
Pahli Bhool,2008,,,
Jeena to Hai,2008,,,
Seeking Love,2008,,,
Manthan: Ek Kashmakash,2008,,,
Ek Pyaar Aisa Bhi,2008,,,
Shrameya: The Laborious,2008,,,
Koi Bach Na Payega,2008,,,
8 PM: A Murder Mystery,2008,,,
Bank,2008,,,
Kabhi Socha Bhi Na Tha,2008,,,
Ishaara,2008,,,
Manoj Bhaiya,2008,,,
Muniya,2008,,,
Veetho Vastha,2008,,,
Jai Maa Sherawaali,2008,,,
Ae phansaa,2008,,,
Mumbai Chakachak,2008,,,
Jaanwar - on the Alert,2008,,,
Ishq Ho Gaya Mamu,2008,,,
Jhalak,2008,,,
Besabar,2008,,,
Ghamasaan,2008,,,
Kabhi Kahin...,2008,,,
Panchamirtham,2008,,,
Danga,2008,,,
3 Idiots,2009,8.4,67.0,337053.0
Dev.D,2009,8.0,,28415.0
Wake Up Sid,2009,7.6,,27833.0
Street Fighter: The Legend of Chun-Li,2009,3.7,17.0,22852.0
Rocket Singh: Salesman of the Year,2009,7.5,,18543.0
Wanted,I) (2009,6.6,,18523.0
Scoundrel,2009,7.4,,16356.0
Love Nowadays,2009,6.8,,14729.0
The Abeer Color,2009,8.1,,13758.0
A Wonderful Story About Strange Love,2009,6.3,,12425.0
Father,2009,7.2,30.0,11226.0
Billu,2009,6.2,,10518.0
New York,2009,6.8,35.0,10148.0
Luck by Chance,2009,7.0,58.0,9423.0
Chandni Chowk to China,2009,4.0,44.0,7758.0
De Dana Dan,2009,5.4,,7195.0
Delhi-6,2009,6.1,45.0,7013.0
Kambakkht Ishq,2009,3.9,,6545.0
13B: Fear Has a New Address,2009,7.3,,5745.0
All the Best: Fun Begins,2009,6.1,,5493.0
8 x 10 Tasveer,2009,5.4,,5334.0
Kurbaan,2009,5.7,,4665.0
Blue,I) (2009,3.7,,4470.0
London Dreams,2009,5.3,,4107.0
Dil Bole Hadippa!,2009,4.5,,3763.0
Raaz: The Mystery Continues,2009,5.6,,3245.0
Villu,2009,3.3,,2945.0
Aladdin,2009,4.6,,2745.0
99,I) (2009,7.3,,2669.0
Me and Mrs. Khanna,2009,3.5,,2653.0
The Stoneman Murders,2009,7.4,,2566.0
What's Your Zodiac Sign?,2009,4.6,,2561.0
Luck,I) (2009,4.8,,2400.0
Well Done Abba!,2009,7.3,,1676.0
"Road, Movie",2009,6.8,,1630.0
Tum Mile,2009,4.9,,1434.0
Jail,2009,6.2,,1196.0
Barah Aana,2009,6.8,,1100.0
Do Knot Disturb,2009,3.6,,1064.0
Aloo Chaat,2009,5.8,,890.0
Shortkut - The Con Is On,2009,3.4,,864.0
Aa Dekhen Zara,2009,5.0,,844.0
Quick Gun Murugun: Misadventures of an Indian Cowboy,2009,5.9,,780.0
Road to Sangam,2009,7.4,,722.0
Dhoondte Reh Jaoge,2009,5.6,,699.0
Thanks Maa,2009,8.0,,688.0
Acid Factory,2009,5.0,,658.0
The President Is Coming,2009,6.8,,638.0
Sankat City,2009,6.2,,600.0
Agyaat,2009,2.9,,597.0
Aao Wish Karein,2009,5.1,,568.0
Teree Sang: A Kidult Love Story,2009,6.2,,558.0
Fox,I) (2009,5.2,,533.0
"Raat Gayi, Baat Gayi?",2009,6.3,,522.0
Paying Guests,2009,4.2,,497.0
Victory,I) (2009,3.8,,463.0
Fatso!,2012,5.7,,411.0
Kal Kissne Dekha,2009,3.6,,410.0
Vaada Raha... I Promise,2009,4.9,,373.0
Aagey Se Right,2009,5.1,,368.0
Daddy Cool: Join the Fun,2009,3.9,,349.0
Straight,II) (2009,5.9,,344.0
Red Alert: The War Within,2009,6.4,,329.0
Ek: The Power of One,2009,4.7,,309.0
Anjaneyulu,2009,4.8,,307.0
Radio: Love on Air,2009,2.9,,297.0
Baabarr,2009,5.2,,297.0
Love Khichdi,2009,5.7,,297.0
Accident on Hill Road,2010,4.0,,280.0
Cooking with Stella,2009,5.4,,280.0
Madly Bangali,2009,7.0,,277.0
Chal Chala Chal,2009,4.7,,273.0
Kisaan,2009,5.4,,273.0
Maska,2009,5.2,,264.0
Sikandar,2009,6.4,,258.0
Jai Veeru: Friends Forever,2009,3.6,,256.0
The Fakir of Venice,2009,5.1,,251.0
Vihir,2009,7.2,,250.0
Jashnn: The Music Within,2009,3.8,,244.0
Veera Madakari,2009,6.6,,236.0
Tera Kya Hoga Johnny,2009,6.0,,198.0
Blue Oranges,2009,6.5,,191.0
Chintu Ji,2009,6.1,,189.0
Mahathma,2009,6.0,,164.0
Sanam Teri Kasam,2009,5.0,,140.0
Sankham,2009,5.0,,129.0
Kisse Pyaar Karoon?,2009,3.3,,126.0
"Do Paise Ki Dhoop, Chaar Aane Ki Baarish",2009,6.3,,125.0
"Karma, Confessions and Holi",2009,3.0,,122.0
Mohandas,2009,6.7,,116.0
Madholal Keep Walking,2009,6.4,,110.0
The Forest,I) (2009,5.2,,110.0
Siddharth: The Prisoner,2009,6.6,,104.0
"Gallit Gondhal, Dillit Mujra",2009,7.8,,92.0
Mere Khwabon Mein Jo Aaye,2009,5.7,,89.0
Bolo Raam,2009,5.3,,78.0
Detective Naani,2009,6.3,,72.0
Yeh Hai Malegaon Ka Superman,2009,7.6,,68.0
Fruit & Nut,2009,2.8,,65.0
"Three: Love, Lies, Betrayal",2009,5.7,,63.0
Jugaad,2009,5.2,,62.0
Team: The Force,2009,4.1,,62.0
Aadmi Ki Aurat Aur Anya Kahaniya,2009,7.5,,60.0
Aamras: The Sweet Taste of Friendship,2009,5.8,,59.0
Morning Walk,2009,4.8,,59.0
Laadli Laila,2009,5.9,,55.0
Ek Se Bure Do,2009,4.3,,55.0
Shadow,I) (2009,5.0,,54.0
Zor Lagaa Ke... Haiya!,2009,6.5,,50.0
Fast Forward,2009,5.6,,44.0
Marega Salaa,2009,4.8,,44.0
Aasma: The Sky Is the Limit,2009,3.9,,43.0
Maruti Mera Dosst,2009,7.6,,42.0
Horn 'OK' Pleassss,2009,4.0,,40.0
Care of Footpath,2009,7.4,,37.0
Houseful,2009,6.5,,35.0
Bachelor Party,2009,5.0,,34.0
Bal Ganesh 2,2009,6.7,,27.0
Meri Life Mein Uski Wife,2009,5.2,,26.0
Love Kaa Taddka,2009,4.9,,26.0
Khargosh,2009,7.3,,24.0
World Cupp 2011,2009,3.7,,24.0
Chal Chalein,2009,6.5,,23.0
Dekh Bhai Dekh: Laughter Behind Darkness,2009,4.7,,23.0
3 Nights 4 Days,2009,5.4,,22.0
Runway: Love Among Gun Shots...,2009,4.3,,21.0
Kaash Mere Hote,2009,6.1,,21.0
Banaras,2009,3.6,,20.0
S.R.K.,2009,7.2,,18.0
Let's Dance,I) (2009,6.1,,17.0
Bad Luck Govind,2009,3.6,,16.0
Aseema: Beyond Boundaries,2009,5.3,,16.0
Lottery,2009,3.1,,15.0
Dvandva,2009,6.5,,14.0
The White Elephant,2009,5.6,,14.0
42 Kms.,2009,4.2,,13.0
Ek Tho Chance,2009,4.9,,13.0
Namah Shivaya Shantaya,2009,6.5,,11.0
Pal Pal Dil Ke Ssaat,2009,4.7,,10.0
Love Game,2009,6.9,,10.0
Dreams... Do Come True,2009,7.3,,10.0
Garjjanam,2009,6.0,,9.0
Toss: A Flip of Destiny,2009,6.9,,9.0
Sanam Hum Aapke Hain...,2009,5.7,,9.0
Samrajyam,2009,5.2,,9.0
Aapa Akka,2009,6.6,,9.0
340,2009,5.0,,8.0
Anubhav: An Actor's Tale,2009,6.6,,8.0
Coffee House,2009,7.1,,7.0
London Calling,2009,4.1,,7.0
Aisi Deewangi,2009,5.4,,7.0
Son of Dracula,2009,5.5,,6.0
Raftaar - An Obsession,2009,6.7,,6.0
Hum Phirr Milein Na Milein,2009,4.5,,6.0
Meri Padosan,2009,3.7,,6.0
Punnami Nagu,2009,5.0,,5.0
Suno Na.. Ek Nanhi Aawaz,2009,5.2,,5.0
My Target IAS,2009,,,
Tales of Siva 1,2009,,,
It's a Man's World,2009,,,
Gadh: When the Limit is Reached,2009,,,
Jaade Mein Balma Pyara Laage,2009,,,
Shaabash! You Can Do It,2009,,,
Royal Utsav,2009,,,
Mudrank: The Stamp,2009,,,
Hamare Sapne,2009,,,
Ghajini Returns,2009,,,
Miss,2009,,,
Ruslaan,2009,,,
The Hero - Abhimanyu,2009,,,
Victoria House,2009,,,
Nene Mukhya Mantri Naithe,2009,,,
Kirkit,2009,,,
Snatch & Grab,2009,,,
Mushkilon ke bavjood,2009,,,
Ghar Pardes,2009,,,
Mudhal Mudhal Mudhal Varai,2009,,,
Arjun vs Destiny,2009,,,
Saluun,2009,,,
Modh,2009,,,
Bhoomi,2009,,,
Natkhat,2009,,,
The Killer,2009,,,
Hamara Parivar,2009,,,
My Name Is Khan,2010,8.0,50.0,97371.0
Udaan,2010,8.2,,41887.0
Fearless,2010,6.2,,27518.0
Guzaarish,2010,7.4,,17045.0
Politics,2010,7.1,,16246.0
Once Upon a Time in Mumbaai,2010,7.4,,16202.0
Band Baaja Baaraat,2010,7.2,,14969.0
Housefull,2010,5.4,,12538.0
Mumbai Diaries,2010,7.0,55.0,12319.0
Kites,I) (2010,6.1,62.0,12222.0
Peepli [Live],2010,7.4,69.0,11746.0
Tees Maar Khan,2010,2.5,,11235.0
Karthik Calling Karthik,2010,7.0,,10386.0
Tere Bin Laden,2010,7.2,,10094.0
Ishqiya,2010,7.3,,9850.0
Khatta Meetha,2010,5.7,,9428.0
I Hate Luv Storys,2010,5.6,,7446.0
Hotchpotch 3,2010,5.5,,7253.0
Brave,2010,4.5,,7161.0
Anjaana Anjaani,2010,5.8,,6190.0
Badmaa$h Company,2010,6.0,,6185.0
Action Replayy,2010,4.2,,5556.0
"LSD: Love, Sex Aur Dhokha",2010,7.1,,5183.0
When Will You Leave?,2010,6.4,,5083.0
Phas Gaye Re Obama,2010,7.5,,5004.0
Do Dooni Chaar,2010,7.6,,4940.0
Raavan,2010,5.4,,4092.0
Break Ke Baad,2010,5.2,,3902.0
Aisha,I) (2010,5.0,,3846.0
Rakhta Charitra,2010,7.6,,3821.0
I Am Kalam,2010,8.0,,3591.0
That Girl in Yellow Boots,2010,6.6,,3489.0
Shor in the City,2010,7.2,,3378.0
Aakrosh,2010,7.0,,3299.0
Pyaar Impossible!,2010,4.6,,2942.0
We Are Family,2010,5.6,,2853.0
Chance Pe Dance,2010,4.7,,2711.0
Dulha Mil Gaya,2010,4.2,,2425.0
Rakhta Charitra 2,2010,6.4,,2395.0
Battle,2010,6.9,,2372.0
Adhurs,2010,6.7,,2268.0
No Problem,I) (2010,4.2,,2153.0
Khichdi: The Movie,2010,7.2,,2047.0
Knock Out,2010,6.0,,2015.0
Lafangey Parindey,2010,5.2,,1993.0
Prince,2010,4.2,,1887.0
Crook: It's Good to Be Bad,2010,5.1,,1853.0
Jhootha Hi Sahi,2010,6.2,,1808.0
Milenge Milenge,2010,4.1,,1692.0
Hisss,2010,2.8,,1606.0
Get Educated: Paathshaala,2010,4.9,,1568.0
Three Cards,2010,4.1,,1415.0
We Play with Our Lives,2010,5.8,,1219.0
Aashayein,2010,7.1,,1219.0
I Am 24,2010,6.1,,1169.0
Shahrukh Bola 'Khoobsurat Hai Tu'... And She Believed in It,2010,5.1,,1037.0
Striker,2010,7.0,,998.0
I Am,II) (2010,6.9,,883.0
Right Yaaa Wrong,2010,6.4,,862.0
Mirch,2010,6.5,,830.0
Shaapit: The Cursed,2010,5.4,,781.0
Toonpur Ka Superrhero,2010,4.2,,698.0
Hum Tum Aur Ghost,2010,4.7,,648.0
Lamhaa: The Untold Story of Kashmir,2010,5.0,,609.0
Bumm Bumm Bole,2010,6.1,,553.0
Jaane Kahan Se Aayi Hai,2010,3.8,,544.0
Lahore,2010,6.3,,510.0
Iti Mrinalini: An Unfinished Letter...,2010,6.8,,492.0
Phoonk 2,2010,3.1,,479.0
Golimar,2010,5.9,,451.0
Pappu Can't Dance Saala,2010,6.5,,427.0
Memories in March,2010,7.1,,416.0
Ramayana: The Epic,2010,5.9,,416.0
Tum Milo Toh Sahi,2010,5.6,,413.0
Namo Venkatesa,2010,5.4,,404.0
Kajraare,2010,2.8,,393.0
In This Life,2010,5.6,,371.0
Toh Baat Pakki!,2010,5.2,,363.0
City of Gold - Mumbai 1982: Ek Ankahee Kahani,2010,6.9,,354.0
Help,2010,4.3,,348.0
Benny and Babloo,2010,6.1,,330.0
Click,I) (2010,3.5,,309.0
Allah Ke Banday,2010,6.2,,295.0
Dus Tola,2010,7.0,,294.0
The Film Emotional Atyachar,2010,6.0,,284.0
Na Ghar Ke Na Ghaat Ke,2010,6.2,,265.0
Fired,I) (2010,4.5,,248.0
Kaalo,2010,3.2,,228.0
Apartment: Rent at Your Own Risk,2010,3.5,,221.0
Hide & Seek,2010,4.2,,216.0
Harud,2010,6.5,,210.0
Prem's Game,2010,3.4,,205.0
A Flat,2010,4.6,,200.0
Mr. Singh/Mrs. Mehta,2010,4.2,,176.0
Kushti,2010,4.3,,159.0
10ml LOVE,2010,6.4,,158.0
Ramaa: The Saviour,2010,3.4,,143.0
Daayen Ya Baayen,2010,6.2,,141.0
Dunno Y Na Jaane Kyun...,2010,3.7,,138.0
Hello Hum Lallann Bol Rahe Hain,2010,6.3,,128.0
Mee Sindhutai Sapkal,2010,6.9,,122.0
Rokkk,2010,4.3,,121.0
Pankh,2010,3.9,,119.0
Hello Darling,2010,2.7,,108.0
Panchakshari,2010,3.8,,105.0
Seetharamula Kalyanam Lankalo,2010,4.3,,105.0
The Waiting Room,IV) (2010,5.9,,96.0
Khuda Kasam,2010,4.2,,89.0
Chase,I) (2010,4.8,,86.0
Soch Lo,2010,6.5,,84.0
Soul of Sand,2010,5.6,,77.0
Bhavnao Ko Samjho,2010,4.3,,73.0
Sadiyaan: Boundaries Divide... Love Unites,2010,4.5,,73.0
Veera Parampare,2010,6.9,,72.0
Bhoot and Friends,2010,5.3,,72.0
Payback,2010,5.5,,61.0
The Untitled Kartik Krishnan Project,2010,5.9,,59.0
Nakshatra,2010,5.2,,55.0
Mallika,2010,4.6,,49.0
Admissions Open,2010,3.2,,49.0
Ada... A Way of Life,2010,3.6,,47.0
Life Express,2010,4.6,,42.0
Ek Second... Jo Zindagi Badal De...,2010,3.4,,42.0
My Friend Ganesha 3,2010,4.4,,38.0
Idiot Box,2010,4.6,,37.0
Do Dilon Ke Khel Mein,2010,5.7,,33.0
Kutty Pisasu,2010,4.2,,31.0
The Impossible Murder,2010,6.7,,31.0
Lava Kusa: The Warrior Twins,2010,6.7,,30.0
Bengaloored,2010,8.0,,29.0
Vroom,2010,5.5,,26.0
Pratisaad: The Response,2010,7.4,,24.0
Musaa: The Most Wanted,2010,4.0,,20.0
Malik Ek,2010,7.3,,20.0
Trump Card,2010,3.0,,18.0
Swaha: Life Beyond Superstition,2010,3.9,,17.0
Krantiveer: The Revolution,2010,4.9,,17.0
Guru Sishyan,2010,2.9,,16.0
The Film Love.Com... The Ultimate Killing Site,2010,3.5,,15.0
Fauj Mein Mauj,2010,4.5,,15.0
Kuchh Kariye,2010,4.7,,14.0
Hello Zindagi,2010,6.4,,12.0
Mittal v/s Mittal,2010,4.4,,12.0
Muskurake Dekh Zara,2010,4.7,,11.0
The Camp,2010,6.5,,10.0
Bachao - Inside Bhoot Hai...,2010,5.8,,8.0
Arohan,2010,5.9,,8.0
Tere Ishq Nachaya,2010,2.6,,7.0
Ashok Chakra: Tribute to Real Heroes,2010,5.3,,7.0
Bird Idol,2010,4.4,,7.0
My Husband's Wife,2010,3.8,,6.0
Ek Aadat,2010,4.3,,6.0
Mumbai 118,2010,,,
Virgin.. Mira,2010,,,
Pyaar Kaa Fundaa,2010,,,
Yeh Sunday Kyun Aata hai,2010,,,
Rukke Padge,2010,,,
ALIF,2010,,,
Pataliputhra,2010,,,
Xang Xang Klang,2010,,,
...And Once Again,2010,,,
Tum Jo Mile,2010,,,
13 May Gulaabi Nagar,2010,,,
Ab Bolo Har Har Mahadev,2010,,,
Saat Saheliyan,2010,,,
Rooh,2010,,,
Ek Baar Mazaa Lijiye,2010,,,
Diwangi Ne Had Kar Di,2010,,,
Azaan... The Awakening Call,2010,,,
Dammunnodu,2010,,,
Chintu Skool,2010,,,
Bhunsaara,2010,,,
Ye Mothers,2010,,,
De Nova... The Road Less Trodden,2010,,,
Bohlol Dana - A Sage of Baghdad,2010,,,
Pump Up the Mandali,2010,,,
Mastang Mama,2010,,,
Khuda Kushi,2010,,,
Lashkar: The War Against Terror,2010,,,
Jaadui Pankh Aur Anya Kahaniyan,2010,,,
Pangaa Gang,2010,,,
Laat Sahab,2010,,,
Jai Balaji Mehndipur Wale,2010,,,
He - The Only One,2010,,,
Zindagi Na Milegi Dobara,2011,8.1,,66495.0
Don 2,2011,7.1,49.0,48913.0
Rockstar,2011,7.7,,38749.0
Ra.One,2011,4.7,60.0,37783.0
Delhi Belly,2011,7.6,66.0,27156.0
Bodyguard,2011,4.6,41.0,21912.0
Pyaar Ka Punchnama,2011,7.7,,19664.0
Ready,2011,4.7,,14832.0
Singham,2011,6.8,,14029.0
Tanu Weds Manu,2011,6.8,,13193.0
Desi Boyz,2011,5.7,,12775.0
No One Killed Jessica,2011,7.2,,10851.0
7 Aum Arivu,2011,6.3,,9636.0
Mere Brother Ki Dulhan,2011,5.8,,8705.0
Ladies vs. Ricky Bahl,2011,6.0,,8677.0
The Dirty Picture,2011,6.6,,8602.0
Patiala House,2011,5.6,,8601.0
Shaitan,2011,7.2,,7908.0
Children's Party,2011,7.4,,6998.0
Force,2011,6.4,,6979.0
Murder 2,2011,6.2,,6358.0
Stanley Ka Dabba,2011,7.8,,6120.0
Seven Sins Forgiven,2011,6.1,,5440.0
Thank You,I) (2011,4.6,,5188.0
Mausam,2011,4.7,,5160.0
Reservation,2011,6.2,,4959.0
Yeh Saali Zindagi,2011,7.5,,4391.0
Crazy Mad Lover,2011,5.6,,3956.0
Saheb Biwi Aur Gangster,2011,7.2,,3902.0
Mujhse Fraaandship Karoge,2011,6.9,,3817.0
Take a Shot,2011,6.2,,3787.0
Dil Toh Baccha Hai Ji,2011,5.7,,3599.0
Double Dhamaal,2011,3.8,,3430.0
Chalo Dilli,2011,6.8,,2969.0
Trishna,2011,6.0,57.0,2953.0
F.A.L.T.U,2011,4.6,,2884.0
Your Father Is Probably an Old Man,2011,5.6,,2713.0
Rascals,2011,2.9,,2542.0
Ragini MMS,2011,4.9,,2418.0
404: Error Not Found,2011,7.2,,2323.0
Game,I) (2011,5.2,,2060.0
Haunted - 3D,2011,6.2,,2036.0
Shagird,2011,7.0,,1850.0
Luv Ka the End,2011,4.8,,1396.0
Always Kabhi Kabhi,2011,4.0,,1271.0
Bheja Fry 2,2011,4.7,,1259.0
Love Breakups Zindagi,2011,5.8,,975.0
Dam999,2011,3.4,,962.0
Soundtrack,I) (2011,7.1,,804.0
Noukadubi,2011,7.6,,791.0
Not a Love Story,2011,5.0,,684.0
Bhindi Baazaar,2011,6.2,,638.0
Vishnuvardhana,2011,7.2,,612.0
Kempe Gowda,2011,7.1,,608.0
Chatur Singh Two Star,2011,1.7,,570.0
Hostel,2011,5.2,,556.0
Bubble Gum,II) (2011,7.3,,439.0
Love U... Mr. Kalakaar!,2011,5.3,,419.0
Damadamm!,2011,4.0,,398.0
Mod,2011,6.5,,396.0
Gattu,2011,7.3,,395.0
Delhi in a Day,2011,6.2,,390.0
Turning 30!!!,2011,5.2,,357.0
Dharti,2011,7.1,,346.0
Aazaan,2011,4.4,,341.0
My Friend Pinto,2011,5.3,,339.0
Tell Me God,2011,2.5,,337.0
Chala Mussaddi - Office Office,2011,6.1,,328.0
Zokkomon,2011,4.0,,323.0
Teen Thay Bhai,2011,4.3,,317.0
Utt Pataang,2011,6.0,,301.0
Patang,2011,6.2,67.0,296.0
Kshay,2011,6.8,,295.0
Loot,2011,3.3,,295.0
Vedi,2011,3.7,,284.0
Naughty @ 40,2011,2.5,,280.0
Hum Tum Shabana,2011,3.7,,279.0
Sahi Dhandhe Galat Bande,2011,4.9,,262.0
Tere Mere Phere,2011,5.4,,241.0
Bin Bulaye Baraati,2011,3.8,,239.0
Miley - Naa Miley - Hum,2011,2.6,,202.0
Gandhi to Hitler,2011,2.5,,200.0
Lanka,2011,5.8,,195.0
Phhir,2011,5.1,,180.0
Veettilekkulla Vazhi,2011,6.8,,164.0
Shabri,2011,5.7,,130.0
Chitkabrey,2011,3.9,,130.0
Michael,I) (2011,5.3,,126.0
The Train,2011,4.5,,123.0
Kucch Luv Jaisaa,2011,4.3,,122.0
Love Express,2011,5.4,,114.0
Shuttlecock Boys,2011,6.2,,110.0
Khap,2011,5.0,,100.0
Cycle Kick,2011,6.7,,97.0
Jo Hum Chahein,2011,5.4,,96.0
U R My Jaan,2011,6.0,,92.0
Chargesheet,2011,6.3,,89.0
Be-Careful,2011,3.1,,85.0
Kaccha Limboo,2011,6.4,,83.0
Masti Express,2011,5.3,,82.0
Angel,I) (2011,6.5,,81.0
These Distances,2011,4.7,,77.0
Jo Dooba So Paar: It's Love in Bihar!,2011,5.8,,69.0
Monica,2011,5.6,,69.0
Trapped in Tradition: Rivaaz,2011,4.8,,68.0
Satrangee Parachute,2011,5.5,,63.0
Aashiqui.In,2011,3.8,,60.0
Impatient Vivek,2011,2.3,,58.0
United Six,2011,4.0,,43.0
Chaloo Movie,2011,3.9,,40.0
Mummy Punjabi: Superman Ki Bhi Maa!!,2011,5.1,,37.0
Shakal Pe Mat Ja,2011,5.3,,34.0
Sheetalbhabi.com,2011,4.0,,33.0
Sonchidi,2011,6.8,,33.0
Hair is Falling: A Serious Comedy Film,2011,5.4,,30.0
Yeh Faasley,2011,6.1,,28.0
The Idiotmaker's Gravity Tour,2011,6.8,,25.0
Vellore Maavattam,2011,6.1,,24.0
Tum Ho Yaara,2011,4.0,,23.0
Jaana Pehchana,2011,5.1,,23.0
Stand By,2011,6.7,,23.0
Mumbhai Connection,2011,5.5,,22.0
Aagaah: The Warning,2011,3.8,,21.0
SHUDRA: The Untouchables,2011,8.0,,21.0
Kya Yahi Sach Hai,2011,6.5,,20.0
Happy Husbands,2011,3.5,,20.0
5ters: Castle of Dark Master,2011,4.9,,17.0
Double Boss,2011,6.9,,15.0
Ek Din... Achanak,2011,4.9,,15.0
Who's There?,II) (2011,4.1,,14.0
Hum Do Anjaane,2011,3.7,,13.0
A Strange Love Story,2011,4.1,,13.0
Haat - The Weekly Bazaar,2011,6.2,,12.0
Vikalp,2011,6.5,,12.0
Prince Vaali,2011,6.3,,10.0
Society Kaam Se Gayi,2011,6.2,,10.0
Queens! Destiny of Dance,2011,5.9,,9.0
Ye Stupid Pyar,2011,5.0,,9.0
Nirvana13,2011,6.4,,8.0
Tum Hi To Ho...,2011,4.6,,8.0
The Murderer: Hamilton Palace,2011,3.6,,8.0
Na Jaane Kabse,2011,6.0,,7.0
Men Will Be Men,2011,5.7,,7.0
Mumbai Mast Kallander,2011,6.0,,7.0
The Artist,IV) (2011,7.1,,7.0
Ashoka the Hero,2011,6.4,,7.0
Avant Garde Pythagoras Sharma,2011,7.0,,7.0
Milta Hai Chance by Chance,2011,6.7,,6.0
I Was Born in Delhi,2011,4.2,,6.0
Abhishapt,2011,8.2,,5.0
Six Hours With Terrorists,2011,,,
On the other side,2011,,,
Chai Garam,2011,,,
Soni De Nakhara,2011,,,
All You Need ... Love,2011,,,
Maanas,2011,,,
Journey to Petra Global,2011,,,
Cutting Chai,2011,,,
Main Hoon Akela,2011,,,
Mora Balma Chhail Chhabila,2011,,,
Shraddha: In the Name of God,2011,,,
College Campus,2011,,,
Mad: It Can Be Anyone,2011,,,
The Axe Massacre,2011,,,
69 Opposites Attract,2011,,,
Taarikh: The Final Day,2011,,,
Kuch Log,2011,,,
Sankalp,2011,,,
Papa Tum Kaha Ho,2011,,,
Black and White,2011,,,
Lucky Ali: Live at Leonia,2011,,,
Havai Dada,2011,,,
InkLab,2011,,,
9 to 12,2011,,,
Koel,2011,,,
Crackers,2011,,,
The Life Zindagi,2011,,,
Galti Se Mistakke Ho Gayi,2011,,,
4pm on the Court,2011,,,
Padduram,2011,,,
Hum Do Bhagode,2011,,,
Gangs of Wasseypur,2012,8.2,89.0,80148.0
Barfi!,2012,8.1,,74693.0
Kahaani,2012,8.1,,56997.0
Jab Tak Hai Jaan,2012,6.7,,50713.0
OMG: Oh My God!,2012,8.1,,50555.0
Vicky Donor,2012,7.8,,39209.0
Talaash,2012,7.2,65.0,38840.0
English Vinglish,2012,7.8,,33076.0
Paan Singh Tomar,2012,8.2,,32734.0
Ek Tha Tiger,2012,5.5,,28557.0
Agneepath,2012,6.9,,22079.0
Rowdy Rathore,2012,5.7,,20255.0
Dabangg 2,2012,4.8,,15293.0
Student of the Year,2012,5.3,,14961.0
Shahid,2012,8.2,,14955.0
Cocktail,2012,6.3,,13195.0
Housefull 2,2012,5.3,,12975.0
Shanghai,2012,7.2,,9549.0
Son of Sardaar,2012,4.0,,8741.0
Speak Bachchan,2012,5.5,,8021.0
Agent Vinod,2012,5.2,,7020.0
Ishaqzaade,2012,6.5,,6712.0
Ship of Theseus,2012,8.0,,6570.0
Ek Main Aur Ekk Tu,2012,5.7,,6329.0
Khiladi 786,2012,4.2,,6204.0
Jannat 2,2012,6.2,,5128.0
Joker,2012,2.4,,4987.0
Ferrari Ki Sawaari,2012,6.4,,4957.0
Tere Naal Love Ho Gaya,2012,5.8,,3999.0
Heroine,2012,5.1,,3989.0
Players,2012,4.1,,3965.0
Teri Meri Kahaani,2012,4.7,,3788.0
Kyaa Super Kool Hain Hum,2012,5.0,,3664.0
London Paris New York,2012,5.7,,3651.0
Luv Shuv Tey Chicken Khurana,2012,6.6,,3594.0
B.A. Pass,2012,6.4,,3515.0
Raaz 3: The Third Dimension,2012,4.0,,3425.0
Hate Story,2012,5.3,,3388.0
Filmistaan,2012,7.3,,3292.0
Jism 2,2012,3.0,,3215.0
Chakravyuh,2012,6.8,,3016.0
Miss Lovely,2012,6.4,52.0,2978.0
Ekk Deewana Tha,2012,5.9,,2865.0
Tezz,2012,3.9,,2165.0
1920: Evil Returns,2012,4.8,,1714.0
Aiyyaa,2012,4.4,,1687.0
Delhi Safari,2012,5.7,37.0,1577.0
Chittagong,2012,7.3,,1489.0
Arjun: The Warrior Prince,2012,6.8,,1373.0
Sadda Adda,2012,7.1,,1304.0
Bumboo,2012,6.1,,1193.0
Jodi Breakers,2012,3.5,,1089.0
Shirin Farhad Ki Toh Nikal Padi,2012,4.2,,999.0
Blood Money,II) (2012,5.0,,950.0
Department,2012,3.1,,939.0
Kevi Rite Jaish,2012,8.1,,849.0
Rush,2012,3.7,,822.0
Dangerous Ishhq,2012,3.9,,817.0
Kaksparsh,2012,7.9,,746.0
Kamaal Dhamaal Malamaal,2012,4.2,,718.0
Gali Gali Chor Hai,2012,5.1,,571.0
Kismet Love Paisa Dilli,2012,4.2,,551.0
Ajab Gazabb Love,2012,4.2,,509.0
Bhoot Returns,2012,2.5,,506.0
Chaalis Chauraasi,2012,6.1,,462.0
100% Love,2012,5.8,,441.0
Chaar Din Ki Chandni,2012,4.1,,387.0
Jalpari: The Desert Mermaid,2012,7.1,,365.0
Bittoo Boss,2012,4.1,,356.0
?: A Question Mark,2012,5.6,,308.0
Life Ki Toh Lag Gayi,2012,5.4,,246.0
Ghost,I) (2012,2.3,,219.0
Shudra the Rising,2012,7.0,,202.0
Edegarike,2012,7.4,,198.0
Maximum,2012,4.8,,198.0
Oass,2012,6.4,,195.0
Khokababu,2012,5.3,,193.0
Mere Dost Picture Abhi Baaki Hai,2012,3.6,,186.0
Challo Driver,2012,5.9,,173.0
Krishna Aur Kans,2012,6.5,,167.0
Le Halua Le,2012,5.5,,165.0
3 Bachelors,2012,3.3,,162.0
I.D.,2012,6.9,,148.0
Chhodo Kal Ki Baatein,2012,7.1,,145.0
Mumbai's King,2012,6.5,,143.0
7 Welcome to London,2012,5.1,,133.0
Chhota Bheem and the Curse of Damyaan,2012,5.7,,116.0
Will You Marry Me,2012,4.5,,108.0
Maharana Pratap: The First Freedom Fighter,2012,8.2,,99.0
Login,2012,6.2,,96.0
Future to Bright Hai Ji,2012,6.2,,93.0
Ata Pata Lapatta,2012,5.5,,85.0
Diary of a Butterfly,2012,3.7,,85.0
Peddlers,2012,7.1,,81.0
Yeh Jo Mohabbat Hai,2012,5.2,,73.0
5 Ghantey Mien 5 Crore,2012,5.8,,73.0
Sons of Ram,2012,6.6,,72.0
Daal Mein Kuch Kaala Hai,2012,4.0,,72.0
AquaTales,2012,3.2,,68.0
From Sydney with Love,2012,6.3,,68.0
Luv U Soniyo,2012,5.6,,67.0
Siyaah..,2012,5.6,,59.0
Manthrikan,2012,3.4,,58.0
Second Marriage Dot Com,2012,7.7,,50.0
Four Two Ka One,2012,5.0,,47.0
Greater Elephant,2012,5.8,,47.0
Delinquent Dancers,2012,6.0,,47.0
Chal Pichchur Banate Hain,2012,6.2,,45.0
Ganga Devi,2012,6.0,,38.0
Hansa,2012,7.7,,35.0
Tutiya Dil,2012,5.1,,33.0
Swami Ayyappan,2012,7.8,,30.0
Zindagi Tere Naam,2012,4.5,,29.0
Jeena Hai Toh Thok Daal,2012,5.9,,28.0
Staying Alive,2012,5.8,,28.0
Yakshi Faithfully Yours,2012,3.4,,27.0
Chakradhaar,2012,4.3,,27.0
Valentine's Night,2012,2.5,,26.0
Yeh Khula Aasmaan,2012,7.0,,25.0
Aalaap,2012,5.6,,25.0
Overtime,I) (2012,5.1,,23.0
Ballad of Rustom,2012,7.5,,22.0
Bijuka,2012,6.8,,22.0
2 Nights in Soul Valley,2012,7.0,,20.0
498A-The Wedding Gift,2012,8.1,,19.0
Janleva 555,2012,4.4,,19.0
Qasam Se Qasam Se,2012,4.2,,17.0
Pehla Sitara,2012,7.4,,16.0
Le Gaya Saddam,2012,6.5,,15.0
Rakhtbeej,2012,3.3,,14.0
Shobhna's Seven Nights,2012,6.6,,14.0
Married 2 America,2012,4.3,,14.0
Say Yes to Love,2012,5.8,,13.0
Jaanleva Black Blood,2012,6.4,,13.0
Myoho,2012,6.9,,12.0
Jhansi Ki Rani Laxmibai,2012,8.4,,11.0
The Lost Tape,2012,5.2,,11.0
One More...,2012,7.2,,11.0
Ko: Yad,2012,7.7,,10.0
The Rise of Kirmada,2012,5.9,,9.0
Baarood (The Fire) - A Love Story,2012,3.9,,9.0
Love Recipe,2012,4.8,,9.0
It's Rocking: Dard-E-Disco,2012,4.8,,8.0
August 2,2012,4.6,,8.0
The Bhai,2012,6.5,,8.0
Bhobhar - The Live Ash,2012,5.4,,8.0
Riwayat,2012,4.8,,8.0
Lala Hardaul,2012,8.3,,7.0
Stalker,I) (2012,3.9,,7.0
Rangdari,2012,6.9,,7.0
The Last Act,II) (2012,5.7,,6.0
Akkad Bakkad Bam Be Bo,2012,7.2,,6.0
In the Name of Tai,2012,6.7,,6.0
Love You to Death,2012,6.0,,6.0
Ab Hoga Dharna Unlimited,2012,4.6,,5.0
Life is Good,2012,7.6,,5.0
Loving Doll,2012,,,
Asha - Education To Girls,2012,,,
Monophobia,II) (2012,,,
S the Film,2012,,,
Jeet Lengey Jahaan,2012,,,
The Magnetors,2012,,,
The Serpent King,2012,,,
The Commandos,2012,,,
The Great Pirate,2012,,,
Luv Kushh and the Ghost Army Global,2012,,,
MLA,2012,,,
Anjuna Beach,2012,,,
Flight from a Paradise,2012,,,
The Coal Mafiaa,2012,,,
Om Allah,2012,,,
B & W the Black and White Fact,2012,,,
Qayamat Hi Qayamat,2012,,,
The International Problem,2012,,,
Sweet Poison,2012,,,
This Weekend,2012,,,
An Encounter,II) (2012,,,
Kalavu,2012,,,
Prem Mayee,2012,,,
Gul Gulshan Gulfam,2012,,,
Pune tc,2012,,,
Quartet 1,2012,,,
Vyakaran,2012,,,
Mumbai Shooters,2012,,,
Pakauu,2012,,,
Balakka,2012,,,
Gandhi Ki Zameen Par,2012,,,
The Artist Within,2012,,,
Bhagaude,2012,,,
Kay Sera Sera,2012,,,
Bhagwan... tera Bhala ho!,2012,,,
Delhi Eye,2012,,,
Kram,2012,,,
Cover Story: The Ultimate Interview,2012,,,
Monopoly the Game of Money,2012,,,
Son of Flower,2012,,,
Mr Fraud,2012,,,
The Life Kung-Fu,2012,,,
Katto,2012,,,
Had Ho Gayi,2012,,,
Classic Incantations,2012,,,
Bhaag Milkha Bhaag,2013,8.2,,60144.0
Queen,2013,8.2,,59998.0
Special 26,2013,8.0,,50225.0
The Lunchbox,2013,7.8,76.0,49605.0
Chennai Express,2013,6.0,45.0,48225.0
Dhoom 3,2013,5.4,61.0,42634.0
Vishwaroopam,2013,8.2,,38554.0
Yeh Jawaani Hai Deewani,2013,7.1,,37694.0
Kai Po Che,2013,7.7,40.0,31431.0
Raanjhanaa,2013,7.6,,29159.0
Aashiqui 2,2013,7.0,,26288.0
Madras Cafe,2013,7.7,,22639.0
Krrish 3,2013,5.2,,20408.0
Ugly,2013,8.0,,19807.0
RamLeela,2013,6.4,,18404.0
Jolly LLB,2013,7.5,,17261.0
Race 2,2013,5.3,,15024.0
Lootera,I) (2013,7.3,,14537.0
Go Goa Gone,2013,6.6,,11251.0
Table No. 21,2013,7.1,,11118.0
Fukrey,2013,6.9,,10320.0
Boss,I) (2013,5.1,42.0,10181.0
Ankhon Dekhi,2013,8.0,,9916.0
D-Day,I) (2013,7.2,,9301.0
Himmatwala,2013,1.7,,7774.0
Shuddh Desi Romance,2013,5.8,,7494.0
Once Upon a Time in Mumbaai Dobara,2013,4.6,,6563.0
ABCD (Any Body Can Dance),2013,6.3,,6173.0
Shootout at Wadala,2013,5.9,,6140.0
Matru's Bijlee's Mandola,2013,5.6,46.0,5951.0
Grand Masti,2013,4.3,,5707.0
Singam 2,2013,6.3,,5483.0
R... Rajkumar,2013,5.2,,5292.0
Shameless,2013,3.6,,5222.0
Bombay Talkies,2013,6.7,,4938.0
Chashme Baddoor,2013,5.4,,4874.0
The Revolution Has Begun,2013,5.9,,4843.0
Ghanchakkar,2013,5.8,,4680.0
The Attacks of 26/11,2013,6.9,,4571.0
Commando,2013,6.2,,4496.0
Mere Dad Ki Maruti,2013,6.4,,4422.0
The Torn Poster Let Out a Hero,2013,4.8,,4288.0
Nautanki Saala!,2013,5.8,,4118.0
Aurangzeb,2013,6.5,,3895.0
Ek Thi Daayan,2013,5.7,,3874.0
Saheb Biwi Aur Gangster Returns,2013,6.8,,3762.0
Bullett Raja,2013,5.0,,3694.0
Gori Tere Pyaar Mein!,2013,4.9,,3476.0
Ramaiya Vastavaiya,2013,5.7,,3349.0
Mickey Virus,2013,6.0,,2592.0
David,I) (2013,6.2,,2532.0
Inkaar,2013,6.1,,2446.0
Murder 3,2013,4.9,,2338.0
Zanjeer,2013,3.2,,2318.0
Singh Saab the Great,2013,5.7,,2143.0
"I, Me aur Main",2013,4.6,,1767.0
Crazy Mad Lover 2,2013,3.4,,1761.0
Akaash Vani,2013,6.2,,1754.0
Ankur Arora Murder Case,2013,6.5,,1694.0
Sixteen,II) (2013,6.3,,1634.0
Horror Story,I) (2013,4.2,,1625.0
Policegiri,2013,4.1,,1333.0
Zila Ghaziabad,2013,3.5,,1257.0
Jayantabhai Ki Luv Story,2013,5.3,,1211.0
Nasha,2013,3.2,,1175.0
Irandam Ulagam,2013,5.8,,1119.0
3G: A Killer Connection,2013,3.6,,1107.0
Monsoon Shootout,2013,6.6,,967.0
Saare Jahaan Se Mehnga...,2013,7.1,,964.0
Satya 2,2013,5.9,,923.0
Bachchan,2013,6.6,,903.0
War Chhod Na Yaar,2013,5.5,,902.0
Sahasam,2013,6.6,,848.0
Phoring,2013,7.5,,832.0
Liar's Dice,2013,6.9,,821.0
John Day,2013,5.6,,809.0
Gippi,2013,5.6,,779.0
Love in Paris,2013,3.8,,725.0
Bajatey Raho,2013,5.3,,715.0
Jackpot,II) (2013,2.0,,687.0
Siddharth,2013,7.3,72.0,643.0
Aatma,2013,3.8,,594.0
Listen... Amaya,2013,6.7,,578.0
Aadhi Bhagavan,2013,5.4,,531.0
The Good Road,2013,6.1,,529.0
Mastram,2013,4.8,,489.0
Jal,2013,6.7,,439.0
Mahabharat,2013,5.4,,438.0
Shorts,2013,6.5,,438.0
Kamasutra 3D,2013,6.4,,432.0
Issaq,2013,4.5,,428.0
Club 60,2013,7.4,,423.0
Rangrezz,2013,5.1,,412.0
Rise of the Zombie,2013,3.6,,387.0
Rajjo,2013,2.4,,366.0
Prague,2013,5.8,,337.0
Deewana Main Deewana,2013,2.4,,327.0
Gangoobai,2013,7.4,,293.0
Rabba Main Kya Karoon,2013,4.3,,273.0
Kaafiron Ki Namaaz,2013,7.0,,269.0
Shree,2013,6.4,,256.0
Rajdhani Express,2013,2.9,,253.0
Shortcut Romeo,2013,2.4,,243.0
Sniffer,2013,6.6,,236.0
Warning,I) (2013,4.8,,226.0
Chor Chor Super Chor,2013,6.6,,223.0
Enemmy,2013,5.0,,217.0
Zindagi 50 50,2013,2.7,,216.0
Sona Spa,2013,3.5,,190.0
What the Fish,2013,5.1,,176.0
Ooops a Desi,2013,7.0,,173.0
Main Krishna Hoon,2013,5.4,,173.0
Rangeelay,2013,4.9,,171.0
Sooper Se Ooper,2013,4.4,,166.0
Varadanayaka,2013,6.2,,151.0
Super Model,2013,2.0,,149.0
Hum Hai Raahi CAR Ke,2013,3.1,,142.0
Ishk Actually,2013,2.6,,139.0
Attahaasa,2013,7.0,,130.0
Kajarya,2013,6.6,,129.0
Pattathu Yaanai,2013,3.8,,128.0
The Bright Day,II) (2013,5.9,,124.0
Lakeer Ka Fakeer,2013,5.7,,122.0
Lateef,2013,3.5,,122.0
Bandook,2013,5.9,,122.0
Goopi Gawaiya Bagha Bajaiya,2013,7.0,,115.0
Mumbai Mirror,2013,5.1,,109.0
Chhota Bheem and the Throne of Bali,2013,6.1,,104.0
Dracula 2012,2013,2.5,,94.0
Mangalashtak Once More,2013,6.8,,93.0
Mai,2013,6.8,,91.0
Meridian Lines,2013,6.7,,88.0
Fireflies,II) (2013,6.3,,84.0
Maazii,2013,6.3,,76.0
Vakratunda Mahakaaya,2013,7.0,,75.0
A New Love Ishtory,2013,6.2,,72.0
Baat Bann Gayi,2013,5.2,,65.0
Oonga,2013,7.2,,48.0
Dehraadun Diary,2013,5.9,,47.0
Kaphal: Wild Berries,2013,8.2,,45.0
Lagna Pahave Karun,2013,6.7,,44.0
Kajri,2013,5.8,,42.0
Tara: The Journey of Love and Passion,2013,5.6,,39.0
Boyss Toh Boyss Hain,2013,6.6,,32.0
SOS: Secrets of Sex,2013,5.9,,30.0
Bloody Isshq,2013,7.8,,30.0
Sunglass,2013,5.8,,29.0
Paapi - Ek Satya Katha,2013,3.9,,26.0
Bhadaas,2013,2.8,,25.0
Mere Haule Dost,2013,7.0,,25.0
The Unsound,2013,4.8,,23.0
My Cornerstone,2013,7.3,,23.0
I Don't Luv U,2013,6.3,,22.0
Chhota Bheem in the Incan Adventure,2013,6.8,,20.0
Bin Phere Free Me Tere,2013,4.3,,20.0
Pied Piper,2013,6.7,,19.0
The Nincompoops Hindi Movie,2013,6.7,,18.0
Naari Chakra,2013,7.0,,17.0
Amdavad Junction,2013,4.6,,15.0
Mahabharat Aur Barbareek,2013,7.7,,15.0
Dreamz: The Movie,2013,5.5,,14.0
Bull BulBul Bandook,2013,5.5,,13.0
A Journey of Samyak Buddha,2013,7.7,,13.0
2 Little Indians,2013,5.9,,13.0
Baga Beach,2013,6.8,,13.0
Woman from the East,2013,8.1,,13.0
Mokssh,2013,5.2,,12.0
Rajula,2013,7.1,,12.0
Kid Krrish,2013,6.8,,11.0
The Dirty Relation,2013,3.8,,11.0
The Seventh Walk,2013,7.7,,10.0
Wake Up India,2013,6.4,,10.0
Chakra the Invincible,2013,6.8,,9.0
Pandavas 5,2013,6.9,,7.0
The Light: Swami Vivekananda,2013,8.1,,7.0
Shringaar,2013,5.7,,6.0
Beehad - The Ravine,2013,4.8,,6.0
Chemistry,2013,5.8,,6.0
Ek Rani Aisi Bhi Thi,2013,5.6,,5.0
The World of Fashion,2013,8.0,,5.0
Calapor,2013,5.2,,5.0
Raqt,2013,5.0,,5.0
Zindagi Jalebi,2013,4.2,,5.0
Zara sambhal ke,2013,6.6,,5.0
Nabbbeyy,2013,,,
Vidhwa - Kahani Ek Aurat Ki,2013,,,
Biharism,2013,,,
Dilli Gang,2013,,,
Bandit Queen-2,2013,,,
Chhota Bheem in Junglee Kabila,2013,,,
Game Over,V) (2013,,,
School Is Cool,2013,,,
Space Race,2013,,,
Mighty Raju vs Mighty Clone,2013,,,
Aamna Saamna,2013,,,
Atyachar Lekin Kab Tak,2013,,,
Yahi to Pyar Hai,2013,,,
Dhuaan,2013,,,
Nirankush,2013,,,
Jeena Teri Gali Mein,2013,,,
Meri Shadi Karao,2013,,,
Kyun Hua Achanak,2013,,,
The Dirty Dancer,2013,,,
Dekha Jo Pehli Baar,2013,,,
Pyar Se Dekho Zara,2013,,,
Sorry Madam Maaf Karo,2013,,,
Kaand Black Scandal,2013,,,
Naya Chand,2013,,,
Diary Of an Overly Reactive Middle Aged Teenager,2013,,,
Akath Kahani,2013,,,
Mutthi Bhar Sapne,2013,,,
Teesra shabd: The Shadow of a Woman,2013,,,
"My Street, My Life",2013,,,
Woh,2013,,,
Tathagata,2013,,,
Vat Lag Gayi Salim Ki,2013,,,
Shivalika,2013,,,
Away,I) (2013,,,
Daughter,II) (2013,,,
O.G.J.,2013,,,
The Adventures of Sinbad,2013,,,
Nothing Unusual,2013,,,
What's on Your Mind?,2013,,,
Mahanadhi,2013,,,
Amphigori,2013,,,
Baromas,2013,,,
Run Bhola Run,2013,,,
Vansh,2013,,,
Fakkad,2013,,,
PK,2014,8.1,,159383.0
Gunday,2014,2.4,,57548.0
Haider,2014,8.1,,49817.0
Happy New Year,I) (2014,5.0,,33598.0
Highway,I) (2014,7.6,40.0,26111.0
Holiday: A Soldier is Never Off Duty,2014,7.2,,25156.0
Kick,2014,5.3,,23690.0
2 States,2014,6.9,,23195.0
Bang Bang,I) (2014,5.5,,21598.0
Jai Ho,2014,5.1,,16669.0
The Villain,2014,6.5,,16233.0
Hasee Toh Phasee,2014,6.8,,13364.0
Mardaani,2014,7.3,,11461.0
The Bride of Humpty Sharma,2014,6.0,,11020.0
Mary Kom,2014,6.8,,9757.0
Heroic Antics,2014,5.3,,7992.0
Khoobsurat,2014,6.4,,7529.0
Humshakals,2014,1.7,,7526.0
I'm Your Hero,2014,5.2,,7503.0
Entertainment,2014,4.5,,7419.0
Singham Returns,2014,5.7,,7291.0
Dedh Ishqiya,2014,7.1,,6837.0
Finding Fanny,2014,5.7,,6121.0
Invitation of Love,2014,6.1,,5323.0
Return of the Lord of Ghosts,2014,6.7,,4816.0
City Lights,2014,7.3,,4542.0
Titli,2014,7.6,,4242.0
Raja Natwarlal,2014,6.1,,3874.0
Bewakoofiyaan,2014,5.5,,3818.0
Kill Dil,2014,4.3,,3816.0
Court,2014,7.7,83.0,3788.0
Shaadi Ke Side Effects,2014,5.6,,3777.0
Ungli,2014,5.7,,3524.0
Margarita with a Straw,2014,7.2,63.0,3399.0
Happy Ending,2014,5.4,,3326.0
Action Jackson,I) (2014,3.3,,3241.0
Yaariyan,2014,2.7,,3051.0
Total Siyapaa,2014,5.0,,2824.0
The Shaukeens,2014,5.0,,2803.0
Ragini MMS 2,2014,3.8,,2661.0
Sulemani Keeda,2014,7.1,,2448.0
Gulaab Gang,2014,6.1,,2054.0
Hate Story 2,2014,4.4,,2011.0
Bobby Jasoos,2014,5.5,,2008.0
Bhopal: A Prayer for Rain,2014,7.2,50.0,1935.0
Unfreedom,2014,5.1,24.0,1850.0
Kya Dilli Kya Lahore,2014,7.4,,1814.0
Youngistaan,2014,5.1,,1802.0
Hawaa Hawaai,2014,7.4,,1642.0
Revolver Rani,2014,4.6,,1598.0
Sold,I) (2014,6.8,49.0,1495.0
The Xpose,2014,3.2,,1480.0
Tigers,2014,7.3,,1438.0
Lakshmi,2014,8.0,,1415.0
Creature,I) (2014,3.1,,1237.0
Samrat & Co.,2014,6.2,,1160.0
Pizza,I) (2014,6.3,,1030.0
Zid,2014,4.3,,1012.0
Fugly,2014,4.7,,978.0
Dishkiyaoon,2014,5.2,,961.0
Sonali Cable,2014,5.4,,925.0
Darr @ the Mall,2014,4.9,,899.0
Children of War,2014,6.7,,865.0
Purani Jeans,2014,6.2,,735.0
One by Two,2014,4.2,,711.0
Roar,2014,5.6,,681.0
Lekar Hum Deewana Dil,2014,4.9,,672.0
Kaanchi,2014,4.3,,570.0
Oh No!,2014,3.3,,551.0
Maanikya,2014,6.5,,545.0
The Hero of Color City,2014,4.1,33.0,504.0
Mr Joe B. Carvalho,2014,3.6,,493.0
3 AM: A Paranormal Experience,2014,5.1,,490.0
Ekkees Toppon Ki Salaami,2014,6.1,,486.0
Manjunath,2014,7.2,,476.0
Heartless,2014,5.1,,445.0
Zed Plus,2014,6.4,,414.0
Super Nani,2014,4.7,,382.0
Gang of Ghosts,2014,3.6,,354.0
Amit Sahni Ki List,2014,5.5,,340.0
Main Aur Mr. Riight,2014,5.2,,338.0
Mumbai Delhi Mumbai,2014,5.7,,324.0
Yaan,2014,3.5,,321.0
Nanak Shah Fakir,2014,8.3,,319.0
Jigariyaa,2014,4.9,,298.0
Chauranga,2014,6.6,,296.0
Tamanchey: Pyar Mein Dil Pe Maar De Goli,2014,4.5,,295.0
Dekh Tamasha Dekh,2014,6.2,,281.0
Ya Rab,2014,6.1,,274.0
Koyelaanchal,2014,5.5,,255.0
Yeh Hai Bakrapur,2014,3.7,,253.0
Kuku Mathur Ki Jhand Ho Gayi,2014,5.4,,240.0
Trip to Bhangarh: Asia's Most Haunted Place,2014,2.4,,234.0
Machhli Jal Ki Rani Hai,2014,2.4,,200.0
Mumbai 125 KM 3D,2014,2.7,,180.0
6-5=2,2014,4.2,,150.0
Karle Pyaar Karle,2014,2.8,,121.0
Badlapur Boys,2014,4.8,,121.0
Desi Kattey,2014,4.2,,117.0
Little Terrors,2014,5.9,,105.0
M.A.D: Mad About Dance,2014,5.1,,104.0
Oraalppokkam,2014,7.2,,102.0
Masala Republic,2014,5.3,,100.0
Titoo MBA,2014,4.7,,94.0
Gollu aur Pappu,2014,4.3,,93.0
Chal Bhaag,2014,4.3,,90.0
Station,I) (2014,7.5,,89.0
Paranthe Wali Gali,2014,5.0,,85.0
Babloo Happy Hai,2014,6.8,,80.0
Lucky Kabootar,2014,5.4,,70.0
Khwaabb,2014,5.5,,65.0
Shuruaat Ka Interval,2014,7.5,,64.0
Surkhaab,2014,6.5,,64.0
Identity Card,2014,6.0,,61.0
Gauraiya,2014,7.3,,60.0
Karar: The Deal,2014,4.2,,58.0
Peter Gaya Kaam Se,2014,7.3,,56.0
Pyaar Vali Love Story,2014,6.0,,52.0
Haggada Kone: End of the Rope,2014,8.4,,52.0
Balwinder Singh Famous Ho Gaya,2014,3.5,,45.0
Long Dark Road,2014,7.9,,44.0
Life Is Beautiful,2014,5.3,,44.0
Riyasat,2014,6.3,,43.0
W,I) (2014,7.0,,42.0
Neighbours,I) (2014,3.2,,41.0
Nandita Das and Divya Jagdale's Between the Lines,2014,7.4,,38.0
The Lost Salesman of Delhi,2014,8.1,,37.0
After the Third Bell,2014,6.1,,36.0
Mohan Rakesh's Adhe Adhure,2014,7.1,,32.0
Supari - The Quest Begins Now,2014,6.1,,32.0
Strings of Passion,2014,6.7,,30.0
SOS: Secrets of Sex Chapter 3,2014,3.6,,29.0
Pagdi: The Honour,2014,5.9,,29.0
Bhaangarh,2014,6.6,,29.0
The Lastbenchers,2014,7.6,,29.0
Raghav,2014,7.3,,29.0
Spark,III) (2014,6.0,,28.0
Mighty Raju Rio Calling,2014,4.8,,27.0
Chaarfutiya Chhokare,2014,6.4,,27.0
DOA: Death of Amar,2014,6.8,,26.0
Ebn-e-Batuta,2014,4.6,,25.0
Bulbule,2014,8.1,,24.0
Ritu,2014,7.0,,23.0
Ladies First,I) (2014,3.3,,19.0
The Dirty MMS,2014,2.5,,16.0
Kahin Hai Mera Pyar,2014,6.5,,15.0
19th January,2014,7.7,,15.0
Bazaar E Husn,2014,5.1,,14.0
Lajwanti,2014,6.6,,14.0
Yamdas,2014,7.1,,13.0
Dear Vs Bear,2014,6.9,,13.0
Munna Mange Memsaab,2014,3.4,,12.0
M.... Matric Pass,2014,3.8,,11.0
Flame: An Untold Love Story,2014,6.0,,11.0
Bollywood Villa,2014,5.1,,11.0
Freedom,VIII) (2014,3.7,,10.0
Umformung: The Transformation,2014,6.0,,9.0
Yeh Dil Ramta Jogi,2014,7.0,,9.0
Teri Dilli Meri Dili,2014,7.7,,9.0
Dil Bhi Khaali Jeb Bhi Khaali,2014,6.1,,9.0
Akela the Alone,2014,6.0,,9.0
Meinu Ek Ladki Chaahiye,2014,3.3,,9.0
Aashmani Jawaharat,2014,6.7,,9.0
Hum Hai Teen Khurafaati,2014,6.4,,8.0
@Andheri,2014,4.2,,8.0
Kuch Alag Sa,2014,7.4,,7.0
Kolkata Junction,2014,7.4,,7.0
18.11,2014,4.0,,7.0
Love U Crazy Girl,2014,3.1,,7.0
Angry Young Man,2014,6.4,,7.0
Kartooz,2014,3.3,,6.0
Patiala Dreamz,2014,5.0,,6.0
The Last Don,2014,,,
Sarfaroshi.. A war against System,2014,,,
Mast Curry,2014,,,
Muppathu Vellikkasu,2014,,,
Us Disha Main,2014,,,
City of Dreams,2014,,,
Kaash Tum Hote,2014,,,
Nagravadhu Amrapali,2014,,,
The Untold Story Aahinsa,2014,,,
Kid Krrish 3 - Mystery in Mongolia,2014,,,
Hi Jack,2014,,,
Mighty Khiladi Raju,2014,,,
Kahani Ek Sangharsh ki,2014,,,
Kid Krrish 2 - Mission Bhutan,2014,,,
Darr Ke Aage Jeet Hai,2014,,,
Nari Teri Shakti Anokhi,2014,,,
Free Bird,2014,,,
Sweet Home,2014,,,
Hard to Change the World,2014,,,
Alisha,II) (2014,,,
Devra Bhail Deewana,2014,,,
Mr. Lieutenant Radio,2014,,,
North Bank,2014,,,
Subero Ghaam,2014,,,
Gopala,2014,,,
Rising of Sarpanch,2014,,,
A Daughter's Dream,2014,,,
Ranthambore,2014,,,
Dirty Marriage,2014,,,
She: The Movie,2014,,,
Jai Singh Are Baap Re: Chapter 1,2014,,,
Kabhi Yuh Bhi Toh Ho,2014,,,
Yeti,2014,,,
Main Bhi Chalna Chahti Hoon,2014,,,
Mujhe Jeene Do,2014,,,
Fattack,2014,,,
The Black Truth,I) (2014,,,
Little Godfather,2014,,,
Kala Sach: The Black Truth,2014,,,
Dreams Hopes and Bollywood,2014,,,
Anuradha,2014,,,
Tuhi Mera Pehla Pyar,2014,,,
Dark Rainbow- Directed by Abhik Bhanu,2014,,,
Naseman,2014,,,
The Bankrupts,2014,,,
The Dark secrets of Tonhi,2014,,,
Rock the Shaadi,2014,,,
MMS Kand,2014,,,
M3 - Midsummer Midnight Mumbai,2014,,,
Kunba,2014,,,
Bitiya Sada Suhaghan Rah,2014,,,
Dee Saturday Night,2014,,,
Picture Perfect,IV) (2014,,,
Life Mein Twist Hai,2014,,,
Bajrangi Bhaijaan,2015,8.0,,70801.0
Drishyam,2015,8.2,,67785.0
Baby,I) (2015,8.0,,52171.0
Dilwale,2015,5.2,,31012.0
Bajirao Mastani,2015,7.2,,30912.0
Talvar,2015,8.2,,30467.0
Piku,2015,7.6,,28456.0
Tanu Weds Manu Returns,2015,7.6,,25914.0
Masaan,2015,8.2,,23136.0
Spectacle,2015,7.3,,22941.0
Gabbar is Back,2015,7.1,,22367.0
Badlapur,2015,7.4,,21367.0
Detective Byomkesh Bakshy!,2015,7.6,,19049.0
Dum Laga Ke Haisha,2015,7.5,,17725.0
Manjhi: The Mountain Man,2015,8.0,,17571.0
Found a Treasure Called Love,2015,4.5,,17223.0
Dil Dhadakne Do,2015,6.9,,14590.0
Pyaar Ka Punchnama 2,2015,7.3,,13827.0
N.H 10,2015,7.2,,11985.0
Brothers,I) (2015,6.5,,11534.0
MSG: The Messenger of God,2015,5.9,,11148.0
MSG 2 the Messenger,2015,6.7,,8418.0
Phantom,I) (2015,5.9,,8412.0
Singh Is Bliing,2015,5.1,,7470.0
Roy,2015,3.3,,7038.0
Shamitabh,2015,6.8,,6843.0
Aligarh,2015,7.8,,5832.0
Hunterrr,2015,7.0,,5542.0
Kis Kisko Pyaar Karoon,2015,5.7,,5514.0
Bombay Velvet,2015,5.6,,5497.0
Nil Battey Sannata,2015,8.3,,5446.0
Welcome Back,2015,4.2,,5445.0
Any Body Can Dance 2,2015,5.4,,5306.0
Hamari Adhuri Kahani,2015,6.7,,5224.0
Shaandaar,2015,3.5,,4984.0
Parched,2015,7.5,67.0,4710.0
Rahasya,2015,7.6,,4414.0
Rainbow,2015,7.9,,3536.0
Haraamkhor,2015,6.4,,3513.0
Jazbaa,2015,5.8,,3280.0
The Lovers,I) (2015,4.5,19.0,3059.0
Tevar,2015,4.1,,2925.0
Hate Story 3,2015,4.5,,2922.0
Dolly Ki Doli,2015,4.5,,2768.0
Katti Batti,2015,4.9,,2731.0
Angry Indian Goddesses,2015,7.0,,2623.0
Hero,V) (2015,3.5,,2251.0
Loev,2015,5.8,,2220.0
Dharam Sankat Mein,2015,6.3,,2015.0
Mr. X,2015,3.7,,1762.0
Hawaizaada,2015,5.5,,1658.0
Ek Paheli Leela,2015,3.7,,1651.0
Waiting,III) (2015,7.2,,1614.0
Alone,VI) (2015,3.7,,1556.0
Main Aur Charles,2015,6.3,,1545.0
Mohalla Assi,2015,6.8,,1520.0
All Is Well,2015,3.8,,1463.0
Ab Tak Chhappan 2,2015,5.8,,1292.0
Umrika,2015,6.6,,1191.0
Khamoshiyan,2015,3.9,,1158.0
Bangistan,2015,4.6,,1093.0
Welcome 2 Karachi,2015,4.3,,1077.0
Bhaag Johnny,2015,5.1,,908.0
Guddu Rangeela,2015,5.3,,843.0
Calendar Girls,2015,4.2,,824.0
Kuch Kuch Locha Hai,2015,2.5,,753.0
Guddu Ki Gun,2015,4.6,,612.0
Meeruthiya Gangsters,2015,7.2,,589.0
I Love NY,2015,3.4,,587.0
X: Past Is Present,2015,5.3,,577.0
Ranna,2015,6.3,,571.0
Dirty Politics,2015,2.5,,559.0
Gour Hari Dastaan: The Freedom File,2015,7.4,,512.0
Kaun Kitney Paani Mein,2015,6.1,,443.0
Zubaan,2015,6.1,,378.0
Baankey Ki Crazy Baraat,2015,6.3,,313.0
Miss Tanakpur Haazir Ho,2015,5.4,,312.0
Island City,2015,6.8,,311.0
Time Out,2015,6.0,,305.0
Barkhaa,2015,5.1,,301.0
The Silence,III) (2015,7.4,,266.0
Sharafat Gayi Tel Lene,2015,5.0,,264.0
31st October,2015,5.9,,230.0
Yaara Silly Silly,2015,5.6,,226.0
Mrs. Scooter,2015,6.6,,194.0
Once Upon a Time in Bihar,2015,6.8,,183.0
Wedding Pullav,2015,3.8,,181.0
Dilliwaali Zaalim Girlfriend,2015,3.7,,170.0
Dagadi Chaawl,2015,6.2,,160.0
Charlie Kay Chakkar Mein,2015,4.5,,158.0
Second Hand Husband,2015,3.7,,154.0
Ishqedarriyaan,2015,4.8,,146.0
Train Station,I) (2015,5.7,,145.0
Barefoot to Goa,2015,5.8,,142.0
Hey Bro,2015,3.0,,140.0
Uvaa,2015,4.9,,138.0
Badmashiyaan,2015,4.6,,130.0
Kaagaz Ke Fools,2015,3.8,,122.0
Ranbanka,2015,3.6,,118.0
The Perfect Girl,2015,5.9,,116.0
Jaanisaar,2015,5.1,,113.0
Coffee Bloom,2015,6.5,,99.0
Utopia,I) (2015,6.2,,93.0
Luv U Alia,2015,5.2,,78.0
P Se PM Tak,2015,4.0,,76.0
Khoya,2015,7.5,,76.0
Bezubaan Ishq,2015,4.0,,64.0
The Silent Heroes,2015,6.3,,63.0
Chinar Daastaan-E-Ishq,2015,6.7,,62.0
Monsoon,I) (2015,3.3,,59.0
Sabki Bajegi Band,2015,3.8,,58.0
Jai Ho! Democracy,2015,5.2,,55.0
The Angrez 2,2015,7.1,,54.0
Thoda Lutf Thoda Ishq,2015,4.1,,53.0
Dozakh in Search of Heaven,2015,7.4,,53.0
The Threshold,2015,7.1,,51.0
Aisa Yeh Jahaan,2015,6.6,,50.0
Ishq Ke Parindey,2015,6.7,,49.0
Love Exchange,2015,5.3,,43.0
Chal Guru Ho Jaa Shuru,2015,5.0,,43.0
Hogaya Dimaagh Ka Dahi,2015,3.6,,42.0
Kota Junction,2015,7.4,,42.0
Crazy Cukkad Family,2015,5.2,,41.0
Bumper Draw,2015,4.9,,37.0
Mahesh Dattani's Hasmukh Saab ki Wasihat,2015,6.5,,33.0
NH-8: Road to Nidhivan,2015,3.1,,33.0
Dunno Y 2... Life Is a Moment,2015,6.5,,32.0
Main Hoon Rajinikanth,2015,7.9,,31.0
Room: The Mystery,2015,3.7,,29.0
Madmast Barkhaa,2015,3.7,,25.0
Jai Jawaan Jai Kisaan,2015,5.4,,25.0
I Am Mr Mother,2015,5.7,,23.0
Black Home,2015,7.4,,22.0
India's Daughter,II) (2015,6.9,,21.0
Nath Ek Pratha,2015,6.2,,20.0
Shackle,2015,7.4,,20.0
Moods of Crime,2015,6.7,,20.0
Luckhnowi Ishq,2015,7.1,,20.0
Under the Same Sun,I) (2015,7.7,,20.0
Hum Tum Dushman Dushman,2015,6.1,,19.0
Kaash,2015,5.0,,19.0
Ishq Ne Krazy Kiya Re,2015,7.2,,19.0
Four Pillars of Basement,2015,4.6,,19.0
Mumbai Can Dance Saalaa,2015,2.8,,19.0
Chor Bazaari,2015,4.3,,18.0
Take It Easy,I) (2015,7.6,,17.0
The Spectacular Jihad of Taz Rahim,2015,6.1,,17.0
Mighty Raju,2015,3.1,,16.0
Chehere: A Modern Day Classic,2015,7.2,,16.0
Do Chehre,2015,6.2,,16.0
Saari Raat,2015,6.1,,16.0
Yash Raaj aur Film!,2015,5.9,,15.0
The Writer,IV) (2015,5.9,,15.0
Yeh Ishq Sarfira,2015,6.1,,13.0
Silence the Court Is in Session,2015,5.9,,11.0
Pappu Ki Pugdandi,2015,6.5,,11.0
Extraordinaari,2015,3.2,,10.0
Dulaara,2015,6.3,,10.0
Bal Ganesh 3,2015,4.7,,9.0
Chhota Bheem Mission Mangalyaan,2015,5.4,,9.0
Cinderella,II) (2015,6.7,,9.0
Pocket Gangsters,2015,4.9,,9.0
Hinsa Par Vijay,2015,6.6,,8.0
Tera Mera Tedha Medha,2015,4.4,,8.0
Run Bhuumi - Champs Don't Cry,2015,6.2,,8.0
Guy in the blue,2015,6.7,,7.0
Saavi: A Bonded Bride,2015,7.0,,7.0
Hai Golmaal in White House,2015,2.7,,7.0
Chooda Ek Pratha,2015,6.7,,6.0
Kid Krrish 4 - Shakalaka Africa,2015,6.5,,6.0
Beyond Blue: An Unnerving Tale of a Demented Mind,2015,7.7,,6.0
Three Atrangi Jai-Veeru-Gabbar,2015,6.7,,6.0
Mere Genie Uncle,2015,4.5,,6.0
Ek tha Bhujang,2015,7.4,,5.0
Sorry Daddy,2015,5.4,,5.0
3.0 Megapixel,2015,3.6,,5.0
Juli Juli,2015,,,
Hum Sab Ullu Hain,2015,,,
Bachpan Ek Dhokha,2015,,,
Black & White,2015,,,
O God Ganesha,2015,,,
Bhid Ja,2015,,,
Jaatiwad,2015,,,
Itanagar 0KM,2015,,,
Respect Her,2015,,,
An Unspoken Love Story,2015,,,
Alien Dost,2015,,,
Rio to Goa,2015,,,
Mighty Ka Mighty Attack,2015,,,
Time Travel,2015,,,
Ice Ice Mighty,2015,,,
Dinosaur World,2015,,,
Most Wanted,2015,,,
Laxman Gole,2015,,,
Chaar Cutting,2015,,,
Rang-E-Ishq,2015,,,
Hum Baja Bajaa Denge,2015,,,
Chunar ABCD 2 Cover by Vivek Verma,2015,,,
Anubhuti: Taking the Legacy Forward,2015,,,
House of Knowledge,2015,,,
Black Poster,2015,,,
Chatayi Kahan Bhichayun,2015,,,
Case of Bisarpani,2015,,,
Sahara,2015,,,
Shiva-The Mahadev,2015,,,
As the river flows,2015,,,
Roshni,2015,,,
Tere Jism Se Jaan Tak,2015,,,
Ranviir the Marshal,2015,,,
Mike: The Journey,2015,,,
Angoori Bani Angaara,2015,,,
Extra Or Extraordinary,2015,,,
Raambhajjan Zindabaad,2015,,,
Chhora Ganga Kinare Wala,2015,,,
The Uninvited,2015,,,
Al-kaanda,2015,,,
Adibhumi: Home Land,2015,,,
Utho Aur Laro,2015,,,
Lion of Gujarat,2015,,,
I Love Desi,2015,,,
Boom Boom Wale,2015,,,
Soul,2015,,,
Hopscotch,II) (2015,,,
Dance Dosti Aur Ishqool,2015,,,
Paisa Ho Paisa,2015,,,
Kaise maare iss zombie ko?,2015,,,
Jhamela,2015,,,
Confused @16,2015,,,
Bhagya,2015,,,
Laakhon Hain Yahan Dilwaley,2015,,,
Disco Valley,2015,,,
Roll Sound Camera Action: RSCA,2015,,,
Jayveer Panghaal,2015,,,
Switchh,2015,,,
Under The Sky,2015,,,
Nidhivan: God and the Darkness,2015,,,
Gurudakshina,2015,,,
Na Bhuto Na Bhavishyati,2015,,,
Choron Ki Baraat,2015,,,
Beyond the 3rd kind,2015,,,
Bhima cha Wagh,2015,,,
Blood Relation,2015,,,
Karlo Timepass Yaar,2015,,,
Prithipal Singh,2015,,,
Makadjaala - A political trap,2015,,,
Lateef,2015,,,
SOS Talk,2015,,,
Tere Ishq Mein Qurbaan,2015,,,
Jee Chahta Hai,2015,,,
Dangebaaz,2015,,,
Dangal,2016,8.4,,151312.0
Airlift,2016,8.0,,52298.0
Fan,I) (2016,7.0,,41740.0
M.S. Dhoni: The Untold Story,2016,7.8,,38493.0
Pink,III) (2016,8.1,,38270.0
Sultan,2016,7.0,,37008.0
Dear Zindagi,2016,7.6,,35475.0
Udta Punjab,2016,7.8,,26653.0
Rustom,2016,7.1,,23022.0
Kapoor & Sons,2016,7.7,,22863.0
Neerja,2016,7.7,,20643.0
Ae Dil Hai Mushkil,2016,5.8,40.0,20588.0
Wazir,I) (2016,7.1,,17147.0
The Other Side of the Door,2016,5.3,41.0,16951.0
Madaari,2016,7.6,,13030.0
Psycho Raman,2016,7.4,,12499.0
Kabali,2016,6.2,,11333.0
Three,2016,7.3,,11323.0
Saala Khadoos,2016,7.6,,11183.0
Mohenjo Daro,2016,5.7,39.0,10415.0
Trapped,XVII) (2016,7.5,,10115.0
Shivaay,2016,6.2,,9593.0
Sanam Teri Kasam,2016,7.3,,9393.0
Housefull 3,2016,5.0,,8001.0
MSG the Warrior: Lion Heart,2016,6.7,,7345.0
Baaghi,2016,5.2,,7264.0
Rocky Handsome,2016,6.8,,7218.0
Befikre,2016,3.9,,6907.0
Kapow,2016,5.1,,6557.0
Lipstick Under My Burkha,2016,6.8,,6129.0
Baar Baar Dekho,2016,5.3,,6077.0
Her & Him,2016,5.8,,5188.0
Azhar,2016,5.8,,5158.0
Happy Bhaag Jayegi,2016,6.5,,4898.0
Kahaani 2,2016,6.6,,4885.0
Ghayal Once Again,2016,6.3,,4871.0
Force 2,2016,6.2,,4778.0
Obsession,2016,5.4,,4323.0
Sarbjit,2016,7.3,,4210.0
A Death in the Gunj,2016,7.5,,4134.0
Laal Rang,2016,8.0,,4112.0
Kyaa Kool Hain Hum 3,2016,1.9,,4046.0
Naam Hai Akira,I) (2016,5.9,,3764.0
A Flying Jatt,2016,3.0,,3753.0
Sanam Re,2016,3.1,,2783.0
Phobia,I) (2016,6.9,,2666.0
Freaky Ali,2016,4.9,,2553.0
Mastizaade,2016,2.3,,2494.0
Traffic,I) (2016,6.7,,2429.0
Jai Gangaajal,2016,5.6,,2412.0
Great Grand Masti,2016,3.6,,2248.0
Sardaar Gabbar Singh,2016,4.8,,2219.0
Buddha in a Traffic Jam,2016,6.6,,2191.0
Pihu,2016,6.7,,1985.0
Rock On 2,2016,5.0,,1921.0
Hotel Salvation,2016,7.1,80.0,1792.0
Raaz Reboot,2016,4.4,,1694.0
Mirza's Lady,2016,4.6,52.0,1677.0
Gurgaon,2016,6.6,,1629.0
1920 London,2016,4.1,,1477.0
Budhia Singh: Born to Run,2016,7.7,,1326.0
Do Lafzon Ki Kahani,2016,6.5,,1322.0
You Are My Sunday,2016,7.7,,1170.0
Tum Bin 2,2016,4.8,,1131.0
Banjo,2016,4.9,,1082.0
One Night Stand,I) (2016,3.1,,1079.0
Wajah Tum Ho,2016,4.4,,1071.0
Lens,IV) (2016,6.8,,1010.0
Hello Mumbai: Salaam Mumbai,2016,3.9,,935.0
Tere Bin Laden: Dead Or Alive,2016,4.3,,829.0
Love Games,2016,4.3,,817.0
Teraa Surroor,2016,2.6,,816.0
Tutak Tutak Tutiya,2016,5.4,,712.0
Saat Uchakkey,2016,5.7,,700.0
Veerappan,2016,5.3,,680.0
Junooniyat,2016,4.2,,656.0
Chalk N Duster,I) (2016,6.5,,634.0
Fever,I) (2016,4.7,,623.0
Chaar Sahibzaade 2: Rise of Banda Singh Bahadur,2016,8.6,,587.0
LoveShhuda,2016,4.4,,534.0
Warrior Savitri,2016,5.5,,462.0
Beiimaan Love,2016,2.8,,409.0
Moh Maya Money,2016,5.6,,402.0
7 Hours to Go,2016,5.7,,387.0
Bhouri,2016,6.7,,381.0
Dear Dad,I) (2016,6.3,,344.0
Autohead,2016,5.9,,335.0
The Violin Player,2016,6.9,,324.0
Aadupuliyattam,2016,4.2,,250.0
Bollywood Diaries,2016,6.0,,246.0
Shorgul,2016,5.7,,245.0
Days of Tafree,2016,7.3,,237.0
Rebellious Flower,2016,6.9,,235.0
Santa Banta Pvt Ltd,2016,2.8,,228.0
Dev Bhoomi,2016,7.4,,225.0
Miss Teacher,2016,3.1,,220.0
Kerry on Kutton,2016,5.6,,212.0
The Blueberry Hunt,2016,5.7,,189.0
Global Baba,2016,5.6,,179.0
Six X,2016,7.2,,177.0
Rough Book,2016,7.0,,171.0
Dongri Ka Raja,2016,4.0,,151.0
Moron,2016,5.6,,148.0
Shor Se Shuruaat,2016,6.7,,143.0
Saansein: The Last Breath,2016,3.1,,143.0
Chudail Story,2016,2.4,,135.0
Railway Children,2016,8.0,,134.0
A Scandall,2016,3.1,,133.0
Madly,2016,5.5,,132.0
Jugni,2016,6.3,,130.0
Thikka,2016,4.5,,128.0
Motu Patlu: King of Kings,2016,6.6,,116.0
Crd,2016,6.3,,113.0
Yea Toh Two Much Ho Gayaa,2016,3.6,,108.0
Love Shagun,2016,4.6,,100.0
Wow Taj,2016,6.1,,97.0
Chhota Bheem Himalayan Adventure,2016,6.5,,95.0
Ishq Forever,2016,3.9,,91.0
Gauru: Journey of Courage,2016,8.7,,81.0
Satyavati,2016,8.1,,73.0
Missing on A Weekend,2016,4.3,,71.0
Nagarahavu,2016,5.4,,70.0
Project Marathwada,2016,6.5,,69.0
Direct Ishq,2016,3.9,,64.0
Chhupam Chhaai,2016,8.9,,64.0
Terror,2016,6.9,,62.0
Shortcut Safari,2016,6.7,,62.0
BHK Bhalla@Halla.Kom,2016,5.3,,57.0
1:13:7 Ek Tera Saath,2016,5.6,,54.0
Anatomy of Violence,2016,5.4,,51.0
Gandhigiri,2016,4.8,,50.0
Tiger,V) (2016,6.2,,44.0
Anna,X) (2016,4.9,,42.0
Yeh Hai Lollipop,2016,6.0,,35.0
Pinky Beauty Parlour,2016,8.4,,33.0
Mahayoddha Rama,2016,7.2,,32.0
Sunshine Music Tours & Travels,2016,6.4,,29.0
Shaukeen Kaminay,2016,6.3,,29.0
Badman,2016,4.6,,27.0
Gandhiji My Mentor,2016,7.6,,27.0
Teen Taal,2016,7.5,,27.0
Tope,2016,5.5,,26.0
Love Alive,2016,7.5,,25.0
Feast of Varanasi,2016,5.1,,25.0
30 Minutes,2016,4.5,,23.0
Cryptic Road,2016,7.3,,23.0
The Last Tale of Kayenaat,2016,5.9,,22.0
Chronicles of Hari,2016,5.9,,22.0
Mumbai Central,2016,5.0,,21.0
Dil Sala Sanki,2016,4.9,,19.0
Meeradha,2016,6.6,,19.0
Bole India Jai Bhim,2016,7.7,,18.0
Dil Toh Deewana Hai,2016,6.7,,18.0
Fredrick,2016,4.8,,18.0
Hai Apna Dil Toh Awara,2016,6.1,,18.0
Aman Ke Farishtey,2016,6.3,,18.0
Dulhan Chahi Pakistan Se,2016,5.8,,16.0
Aa Jao Please,2016,6.8,,16.0
Youth,IV) (2016,7.0,,15.0
Dhara 302,2016,4.5,,15.0
Chapekar Brothers,2016,6.5,,15.0
"Anna, Kisan Baburao Hazare",2016,6.0,,14.0
Jab Tum Kaho,2016,5.6,,14.0
Club Dancer,2016,6.2,,14.0
Flying Colors,2016,6.0,,13.0
Love Day,2016,3.2,,13.0
Mumal: A prophecy,2016,6.8,,12.0
Amir Salman Shahrukh,2016,5.5,,12.0
Love Ke Funday,2016,6.9,,12.0
Chidiya,2016,6.7,,12.0
My Father Iqbal,2016,5.5,,11.0
Rhythm,I) (2016,3.7,,10.0
Dead Morning,2016,6.4,,10.0
Super Bheem Hawa Mein Halla,2016,6.1,,9.0
Hero Story,2016,4.9,,9.0
Murari the Mad Gentleman,2016,6.2,,9.0
417 Miles,2016,4.8,,9.0
To B or Not to B,2016,6.4,,9.0
Jango,2016,2.2,,8.0
Kal Hamara Hai,2016,5.4,,8.0
Uhi Milte Rahenge,2016,6.1,,8.0
Khel Toh Ab Shuru Hoga,2016,4.4,,7.0
Mmirsa,2016,6.7,,6.0
Chipku,2016,7.3,,6.0
Gang of Littles,2016,5.2,,6.0
Mission Tiger,2016,4.2,,6.0
Money Back Guarantee,II) (2016,4.7,,6.0
Tann Mann Aur Dhan,2016,,,
Ardhangini Ek Ardhsatya,2016,,,
Tennis Buddies,2016,,,
Two Desires and a Dream,2016,,,
Take Care,III) (2016,,,
Hitback,2016,,,
All About Sec-377,2016,,,
Love a Killer Trap,2016,,,
Ek Kahani Julie Ki,2016,,,
Gipsy Sunset,2016,,,
Red Bluff,2016,,,
City of Dark,2016,,,
Ishq Samandar,2016,,,
Bhaiyyajaan,2016,,,
Tycoons: The Scam Story,2016,,,
Tycoons,2016,,,
Bhumi,2016,,,
Divia,2016,,,
Trayodash Ki Kahaani,2016,,,
Super Bheem Aakhri Chunauti,2016,,,
Hello Leo,2016,,,
Super Bheem Fire and Ice,2016,,,
You Are Right Mr Positive +,2016,,,
The Image,2016,,,
Part Time Job,2016,,,
Yusuf,I) (2016,,,
Homecoming,VII) (2016,,,
Atrupt,2016,,,
Godknows,2016,,,
Yahan Ameena Bikti Hai,2016,,,
Wish We Were Kids...,2016,,,
Ordinary World,II) (2016,,,
Box,VI) (2016,,,
"Dad, I am Watching you",2016,,,
Gutrun Gutargun,2016,,,
Shikkast,2016,,,
Azaab,2016,,,
Tezaab,2016,,,
The Buddhist Monk,2016,,,
Daftar,2016,,,
BumBoo,2016,,,
Three Rhythms,2016,,,
Ambassador of Socialism,2016,,,
3rd November,2016,,,
Awesome Mausam,2016,,,
The Shift,III) (2016,,,
harry,2016,,,
Zindagi Abhi Baaki Hai,2016,,,
Aakhri Sauda: The Last Deal,2016,,,
Palki (Palanquin),2016,,,
A Call from the Past,2016,,,
Jee Lene Do Ek Pal,2016,,,
The Golden Boyz,2016,,,
Father: Tale of Love,2016,,,
Ishq Barsa De Piya,2016,,,
Lovechakra,2016,,,
Dare You,2016,,,
Ajeeb Aashiq,2016,,,
Music Meri Jaan,2016,,,
Mere Gunaah,2016,,,
Enjoy Youth Party,2016,,,
In Search of Life,2016,,,
Lakme,2016,,,
Raees,2017,6.8,,39672.0
Kaabil,2017,7.1,,23923.0
Hindi Medium,2017,7.8,,22580.0
Jolly LLB 2,2017,7.2,,21771.0
Tiger Zinda Hai,2017,5.9,,21465.0
Secret Superstar,2017,7.9,,20164.0
Bareilly Ki Barfi,2017,7.5,,18544.0
When Harry Met Sejal,2017,5.3,,18393.0
Toilet: A Love Story,2017,7.2,,17706.0
Newton,2017,7.7,,16137.0
Tubelight,2017,3.9,,14079.0
Shaadi Mein Zaroor Aana,2017,7.6,,12366.0
The Ghazi Attack,2017,7.6,,11665.0
Ittefaq,2017,7.2,,10045.0
Badrinath Ki Dulhania,2017,6.1,,9995.0
Detective Jagga,2017,6.5,,8894.0
Mom,I) (2017,7.3,,8654.0
Shubh Mangal Savdhan,2017,6.9,,8551.0
Twins 2,2017,3.8,,8260.0
Hotchpotch Again,2017,5.0,,7960.0
Viceroy's House,2017,6.7,53.0,6770.0
Qarib Qarib Single,2017,7.1,,6668.0
The Brawler,2017,8.0,,6407.0
Half Girlfriend,2017,4.4,,6229.0
Naam Shabana,2017,6.3,,5509.0
Raabta,2017,4.6,,5061.0
A Gentleman,2017,6.2,,4832.0
Fukrey Returns,2017,6.5,,4599.0
Tumhari Sulu,2017,7.0,,4534.0
Baadshaho,2017,4.9,,4253.0
Meri Pyaari Bindu,2017,5.9,,4028.0
Hind Ka Napak Ko Jawab,2017,6.6,,3979.0
Rangoon,II) (2017,5.7,,3698.0
OK Jaanu,2017,5.2,,3668.0
Phillauri,2017,6.1,,3433.0
Mubarakan,2017,5.5,,3403.0
Jattu Engineer,2017,5.9,,3326.0
Simran,2017,5.2,,3036.0
Commando 2,2017,5.2,,2819.0
Munna Michael,2017,3.3,,2773.0
Lucknow Central,2017,6.2,,2568.0
Begum Jaan,2017,5.6,,2521.0
Brij Mohan Amar Rahe,2017,6.8,,2493.0
Bank Chor,2017,5.9,,2426.0
Omerta,2017,7.2,,2393.0
Running Shaadi,2017,6.6,,2388.0
Chef,2017,5.7,,2081.0
Beyond the Clouds,2017,7.0,55.0,1953.0
The House Next Door,2017,6.8,,1947.0
Government 3,2017,4.9,,1829.0
Babumoshai Bandookbaaz,2017,6.9,,1809.0
Daddy,III) (2017,6.4,,1764.0
Behen Hogi Teri,2017,5.5,,1747.0
Bhoomi,2017,5.4,,1668.0
Guest iin London,2017,5.4,,1625.0
Tikli and Laxmi Bomb,2017,8.2,,1502.0
Anaarkali of Aarah,2017,6.1,,1478.0
Poster Boys,2017,5.4,,1385.0
Noor,I) (2017,4.0,,1380.0
Indu Sarkar,2017,6.0,,1374.0
Poorna,2017,7.8,,1266.0
Irada,2017,6.3,,1177.0
Amazon Obhijaan,2017,4.7,,1088.0
Foreigner,2017,4.4,,1022.0
Kadvi Hawa,2017,8.0,,852.0
The Hungry,2017,7.1,,831.0
Ajji,2017,6.9,,830.0
Bioscopewala,2018,7.6,,828.0
LIE,2017,5.9,,785.0
Machine,II) (2017,2.7,,708.0
Love and Shukla,2017,7.3,,698.0
Union Leader,2017,7.2,,676.0
Kuldip Patwal: I Didn't Do It!,2017,6.7,,588.0
Ribbon,2017,6.9,,551.0
Rukh,2017,6.4,,518.0
Gali Guleiyan,2017,7.0,,505.0
Khoj,2017,6.8,,432.0
Aksar 2,2017,3.6,,392.0
Kadamban,2017,5.4,,377.0
Dear Maya,2017,5.7,,373.0
Maatr,2017,4.5,,370.0
Raag Desh,2017,8.2,,363.0
Shuddhi,2017,7.9,,361.0
Aa Gaya Hero,2017,2.8,,327.0
B.A. Pass 2,2017,2.1,,326.0
Patel Ki Punjabi Shaadi,2017,4.1,,325.0
Dobaara: See Your Evil,2017,3.8,,312.0
Julie 2,2017,2.4,,296.0
Maroon,2017,5.0,,276.0
The Rally,2017,7.5,,248.0
The Song of Scorpions,2017,6.0,,236.0
Sweetiee Weds NRI,2017,3.4,,227.0
Mirror Game,2017,6.2,,216.0
Shab,2017,4.4,,213.0
Veeram,2017,6.5,,212.0
Tera Intezaar,2017,1.7,,211.0
Sameer,2017,5.6,,202.0
Phullu,2017,6.0,,178.0
Baaraat Company,2017,6.5,,176.0
Yeh Hai India,2017,5.3,,176.0
Jia aur Jia,2017,4.4,,158.0
Dhh,2017,7.6,,155.0
Saanjh,2017,8.3,,138.0
Sniff!!!,2017,5.5,,130.0
Alif,I) (2017,6.6,,127.0
Laali Ki Shaadi Mein Laaddoo Deewana,2017,3.5,,124.0
Bhasmasur,2017,7.0,,120.0
III Smoking Barrels,2017,6.6,,114.0
Hanuman the Superhero,2017,5.5,,112.0
1982 - A Love Marriage,2017,5.2,,102.0
Main Tumhare Bachche ki Maa Banne Waali Hoon,2017,6.8,,101.0
Dil Jo Na Keh Saka,2017,6.7,,99.0
Ek Haseena Thi Ek Deewana Tha,2017,5.0,,98.0
Mirza Juuliet,2017,5.2,,98.0
Jeena Isi Ka Naam Hai,I) (2017,5.3,,96.0
Adrishya,2017,5.3,,95.0
Shreelancer,2017,7.2,,86.0
Mantostaan,2017,6.0,,83.0
Where Has the Time Gone?,2017,5.4,,79.0
Game Over,IV) (2017,7.1,,79.0
Ranchi Diaries,2017,7.3,,76.0
Flat 211,2017,5.3,,76.0
The Tree,I) (2017,5.7,,75.0
2016 the End,2017,5.8,,73.0
Wedding Anniversary,I) (2017,5.0,,70.0
Ram Ratan,2017,3.8,,58.0
Bhanwarey,2017,6.9,,57.0
"U, Me Aur Ghar",2017,6.4,,53.0
Panchlait,2017,8.0,,51.0
Mr. Kabaadi,2017,4.9,,50.0
Khamosh Adalat Jaari Hai,2017,7.7,,48.0
G Kutta Se,2017,8.1,,47.0
Jihad,2017,8.6,,46.0
Ajab singh ki gajab kahani,2017,5.7,,46.0
Typecaste,2017,6.9,,45.0
Blue Mountains,2017,5.8,,44.0
The Final Exit,2017,6.2,,41.0
Turup (Checkmate),2017,8.1,,41.0
Daddy's Daughter,2017,7.7,,40.0
Ramad,2017,7.5,,38.0
Sallu Ki Shaadi,2017,3.4,,36.0
Call for Fun,2017,5.7,,35.0
Viraam,2017,5.7,,35.0
Thodi Thodi Si Manmaaniyan,2017,5.9,,35.0
Bhangover,2017,5.1,,32.0
Sargoshiyan,2017,6.1,,32.0
Victor's History,2017,5.2,,31.0
Buddha.mov,2017,6.7,,29.0
Luv Shuv Pyar Vyar,2017,4.9,,29.0
Walking with the Wind,2017,6.4,,29.0
Q,II) (2017,6.0,,29.0
Bewajah,2017,6.2,,29.0
Muzaffarnagar 2013,2017,5.3,,27.0
GRADE,2017,6.5,,25.0
127 B,2017,6.6,,25.0
Narayan,2017,6.8,,24.0
Avsar,2017,5.9,,24.0
Boichek,2017,6.3,,24.0
Phir Aaya Satte Pe Satta,2017,7.4,,23.0
The Tape,II) (2017,7.1,,19.0
Ballavpur Ki Roopkatha,2017,7.5,,18.0
Pirates 1.0,2017,5.9,,18.0
Online Gurukul,2017,5.0,,18.0
ISIS,2017,6.4,,18.0
Eli Eli Lama Sabachthani?,2017,6.7,,18.0
My Friend's Dulhania,2017,6.8,,17.0
Kanyadaan,2017,7.1,,17.0
Sheitaan,2017,4.3,,17.0
Muskurahatein,2017,5.8,,16.0
Life Ki Aisi Ki Taisi,2017,5.8,,15.0
J.D.,2017,5.7,,15.0
Le Lotta,2017,6.5,,15.0
Days and Nights on Earth,2017,7.9,,14.0
Baaki Itihaas,2017,7.0,,14.0
The Dream Job,2017,6.0,,14.0
Chauhar,2017,6.6,,14.0
Let's Talk About 'It',2017,5.7,,14.0
Lagori,2017,7.2,,13.0
Maiya,2017,2.7,,13.0
Zakir Khan Live,2017,7.9,,13.0
Office #thebrightesthorrorfilm,2017,5.1,,12.0
Raktdhar,2017,6.5,,12.0
Bhamashah,2017,6.1,,12.0
Rahenge Sadaa Gardish Mein Taare,2017,5.6,,12.0
Kis Kiss Ka Kissa,2017,5.6,,12.0
Bhangarh: The Last Episode,2017,5.1,,12.0
Ishq Ka Manjan,2017,5.8,,12.0
The Zero Line,2017,6.5,,11.0
The Holy Fish,2017,6.5,,11.0
Ashley,2017,3.1,,11.0
The Jinx,2017,5.6,,11.0
Bitch,III) (2017,5.5,,11.0
Horror Night,2017,3.8,,10.0
Shaadi Abhi Baaki Hai,2017,5.4,,10.0
Hotel Beautifool,2017,5.8,,10.0
Mukkadarpur Ka Majnu,2017,6.6,,10.0
Love You Family,2017,3.9,,9.0
Maassab (The Teacher),2017,7.6,,9.0
9 O' Clock,2017,5.3,,9.0
Krish Trish and Baltiboy: Face Your Fears,2017,3.4,,8.0
Salaam Zindagi,2017,6.0,,8.0
Bheja Fry 3,2017,7.6,,8.0
Baba Sathya Sai,2017,5.0,,8.0
A Daughter's Tale PANKH,2017,6.4,,8.0
The Witch hour: Curse of the ring,2017,7.0,,8.0
Prakash Electronic,2017,4.2,,8.0
Sunn Raha Hai Na,2017,6.1,,7.0
Junko,2017,3.4,,7.0
Sabrang,2017,6.4,,7.0
Back to Dad,2017,7.7,,7.0
ISIS: Enemies of Humanity,2017,8.4,,7.0
Buchcha,2017,6.3,,7.0
Famous Pandey,2017,5.5,,6.0
Door Bell,2017,4.3,,6.0
Perfect Plan,2017,6.2,,6.0
B for Bundelkhand,2017,8.8,,5.0
Duniya Khatam Ho Rahi Hai,2017,,,
Rabbi,2017,,,
The Power Of Vardi,2017,,,
Jhol Company Public Ltd.,2017,,,
JUNOON: Once Upon A Time In Calcutta,2017,,,
Psychedelhi,2017,,,
Haq E Sailani,2017,,,
True love pyar ke panchhi,2017,,,
School Chalega..!,2017,,,
Gangs of North East,2017,,,
Modi Kaka Ka Gaon,2017,,,
Mann Ke Rang,2017,,,
The Racer,2017,,,
Kutumb the Family,2017,,,
Pustak,2017,,,
Babuji Ek Ticket Bambai,2017,,,
Kahani Mitra Ki,2017,,,
Scavenger's Daughter,2017,,,
Hungama on Honeymoon Hills,2017,,,
Summer of '99,2017,,,
Dream Zindagi,2017,,,
Ek Raat,2017,,,
Mridang,2017,,,
Jaan Tu Hain Ke Nahin,2017,,,
Desi Wrestler: The Power of Bull,2017,,,
Bloody Psycho,2017,,,
You Make Me Feel Alive,2017,,,
A Twist of Date,2017,,,
Mandi: Ek Prem Katha,2017,,,
The Crossings,2017,,,
Sacramento River,2017,,,
Nada Pandey,2017,,,
Yuvak,2017,,,
Shaher,2017,,,
Andhadhun,2018,8.3,,68249.0
Hotel Mumbai,2018,7.6,62.0,51010.0
Sanju,2018,7.8,,46550.0
Uri: The Surgical Strike,2018,8.3,,42132.0
Race 3,2018,1.9,,32798.0
Stree,2018,7.6,,27037.0
Padmaavat,2018,7.0,63.0,26969.0
Badhaai Ho,2018,8.0,,26954.0
Tumbbad,2018,8.3,,25786.0
Raazi,2018,7.8,,24518.0
Zero,III) (2018,5.4,,23132.0
Parmanu: The Story of Pokhran,2018,7.6,,20621.0
2.0,2018,6.3,,20602.0
Pad Man,2018,7.9,,20533.0
Sonu Ke Titu Ki Sweety,2018,7.1,,19019.0
Thugs of Hindostan,2018,4.0,,17314.0
Simmba,2018,5.9,,15261.0
Raid,2018,7.4,,15013.0
Mulk,I) (2018,6.8,,13675.0
October,II) (2018,7.5,,12954.0
Karwaan,2018,7.5,,12600.0
Veere Di Wedding,2018,3.2,,11541.0
GOLD,I) (2018,7.3,,11192.0
Hichki,2018,7.5,,10239.0
Lust Stories,2018,6.5,,9445.0
Kedarnath,2018,6.6,,9228.0
Dhadak,2018,4.5,,9048.0
Blackmail,I) (2018,7.1,,8994.0
Baaghi 2,2018,4.8,,8890.0
Love Per Square Foot,2018,7.2,,7177.0
Husband Material,2018,6.9,,6927.0
Made in India,2018,6.8,,6858.0
102 Not Out,2018,7.4,,6331.0
Bhavesh Joshi Superhero,2018,7.6,,6326.0
Mard Ko Dard Nahin Hota,2018,7.4,,5971.0
Satyameva Jayate,2018,5.7,,5953.0
Pari,I) (2018,6.6,,5526.0
Baazaar,2018,6.6,,4523.0
Batti Gul Meter Chalu,2018,6.0,,4425.0
Soorma,2018,7.4,,4401.0
Disguising,2018,5.3,,3932.0
Manto,2018,7.4,,3604.0
Firecracker,2018,7.2,,3566.0
Har Kisse Ke Hisse: Kaamyaab,2018,7.9,,3256.0
Lupt,2018,6.8,,2613.0
Namaste England,2018,2.2,,2468.0
Kaalakaandi,2018,6.3,,2428.0
Laila Majnu,2018,7.7,,2301.0
Soni,2018,7.2,68.0,2280.0
Jalebi,2018,6.1,,2278.0
Mitron,2018,6.9,,2155.0
Vishwaroopam 2,2018,5.9,,2135.0
Love Will Take Over,2018,3.0,,1969.0
Missing,I) (2018,5.8,,1929.0
Rajma Chawal,2018,5.8,,1608.0
Love Sonia,2018,7.4,,1441.0
Hate Story IV,2018,3.3,,1352.0
Sir,I) (2018,7.3,,1342.0
Vodka Diaries,2018,5.6,,1213.0
Genius,I) (2018,4.6,,1201.0
Happy Phirr Bhag Jayegi,2018,4.5,,1178.0
Angrezi Mein Kehte Hain,2018,6.8,,1043.0
Crazy Mad Lover: Once Again,2018,4.6,,1018.0
1921,2018,4.4,,1011.0
Helicopter Eela,2018,5.6,,970.0
Bhonsle,2018,6.9,,940.0
Hamid,2018,7.8,,928.0
Nanu Ki Jaanu,2018,5.9,,928.0
Garbage,I) (2018,3.4,,899.0
Paltan,2018,5.3,,883.0
Prince's Son,2018,4.4,,820.0
FryDay,2018,5.2,,731.0
Once Again,2018,7.0,,728.0
Saheb Biwi Aur Gangster 3,2018,4.4,,710.0
Kuchh Bheege Alfaaz,2018,7.5,,710.0
Leera the Soulmate,2018,8.9,,661.0
Welcome to New York,2018,1.6,,632.0
Reva,2018,8.4,,565.0
Bhaiaji Superhit,2018,4.0,,525.0
Ascharyachakit!,2018,4.9,,500.0
Veerey Ki Wedding,2018,2.8,,468.0
The Dark Side of Life: Mumbai City,2018,6.1,,461.0
Ekkees Tareekh Shubh Muhurat,2018,5.9,,405.0
Evening Shadows,2018,7.1,,405.0
Dil Juunglee,2018,3.8,,386.0
Hope Aur Hum,2018,6.2,,365.0
Halkaa,2018,7.2,,361.0
Tony: My Mentor the Serial Killer,I) (2018,8.2,,346.0
3 Storeys,2018,6.9,,335.0
Baa Baaa Black Sheep,2018,6.8,,311.0
Lovefucked,2018,6.0,,305.0
Dassehra,2018,3.8,,302.0
Bulbul Can Sing,2018,6.8,,282.0
High Jack,2018,5.3,,282.0
Meri Nimmo,2018,7.1,,274.0
Phamous,2018,3.8,,255.0
AA BB KK,2018,8.4,,244.0
My Birthday Song,2018,5.5,,244.0
Baarish Aur Chowmein,2018,6.1,,243.0
Who,I) (2018,5.3,,242.0
Daas Dev,2018,5.2,,241.0
Kaashi in Search of Ganga,2018,5.5,,240.0
Teen Aur Aadha,2018,6.7,,211.0
Khajoor Pe Atke,2018,5.5,,208.0
Phir Se...,2018,5.5,,195.0
Shaadi Teri Bajayenge Hum Band,2018,5.0,,177.0
Vaibhav Sethia: Don't,2018,6.9,,170.0
Hey Ram Hamne Gandhi Ko maar Diya,2018,6.4,,161.0
Ishqeria,2018,4.1,,157.0
Silvat,2018,7.2,,151.0
The Past,I) (2018,3.6,,148.0
Aadamkhor,2018,7.7,,146.0
Nirdosh,2018,3.9,,129.0
Teri Bhabhi Hai Pagle,2018,3.1,,122.0
Idam Jagath,2018,5.5,,110.0
Toba Tek Singh,2018,7.1,,105.0
Gaon,2018,5.4,,103.0
Shohrat the Trap,2018,5.2,,102.0
Yours Truly,I) (2018,6.2,,95.0
Hanuman vs. Mahiravana,2018,7.7,,93.0
T for Taj Mahal,2018,8.6,,91.0
Namdev Bhau,2018,7.4,,90.0
Haseena,2018,4.4,,85.0
Chausar,2018,6.4,,82.0
Bhabhipedia,2018,8.3,,80.0
The Journey of Karma,2018,6.5,,71.0
Lashtam Pashtam,2018,6.0,,71.0
Aamaar Bhuvan,2018,7.7,,71.0
Hotel Milan,2018,3.8,,68.0
Win Marathon,2018,9.0,,68.0
State vs. Malti Mhaske,2018,7.0,,65.0
Zoo,II) (2018,5.8,,65.0
Jack & Dil,2018,4.9,,65.0
Dobaara,2018,7.0,,56.0
Sarabha,2018,6.3,,48.0
Udanchhoo,2018,3.5,,43.0
Kuch Der Aur,2018,8.3,,42.0
Mehsampur,2018,6.6,,37.0
Mitti-back to roots,2018,8.3,,36.0
Jaane Kyun De Yaaron,2018,4.9,,36.0
Friends In Law,2018,6.5,,33.0
Inspector Gullu,2018,6.8,,32.0
Mere Paas Baap Hai,2018,6.1,,31.0
When Obama Loved Osama,2018,4.9,,30.0
Downup the Exit 796,2018,7.9,,30.0
Page 16,2018,3.8,,29.0
The Window,I) (2018,6.9,,29.0
Life of An Outcast,2018,6.1,,27.0
Karim Mohammed,2018,4.9,,27.0
Redrum,2018,4.0,,26.0
Tishnagi,2018,4.0,,25.0
Khejdi,2018,7.7,,24.0
Project Papa,2018,6.4,,24.0
Billu Ustaad,2018,6.7,,23.0
Rashtraputra,2018,5.5,,22.0
Raja Abroadiya,2018,4.3,,22.0
Kashmir Daily,2018,7.0,,22.0
Turning Point,III) (2018,6.0,,21.0
Indian Never Again Nirbhaya,2018,7.2,,21.0
Delhi 47 KM,2018,6.0,,20.0
Sanjeevani,2018,3.1,,19.0
Paak,2018,8.1,,19.0
Bhor: Dawn,2018,8.1,,19.0
Ilaaka Kishorganj,2018,5.9,,18.0
Play This,2018,4.4,,18.0
Colour photo,2018,8.9,,17.0
Kuch Pal Pyar Ke,2018,4.3,,17.0
Racket,2018,7.3,,17.0
Bhaagte Raho,2018,3.2,,16.0
One Night Out,2018,6.8,,14.0
Dhaad,2018,5.2,,14.0
Mudda hai Bhookh: The War,2018,7.2,,13.0
Tukkaa Fitt,2018,6.5,,13.0
Summer Camp,2018,7.2,,12.0
Ishq Tera,2018,5.5,,12.0
Pareshaan Parinda,2018,5.2,,12.0
Jhakaas!,2018,6.1,,11.0
Dear Molly,2018,7.8,,10.0
PK Lele a Salesman,2018,5.4,,10.0
Maal Road Dilli,2018,5.7,,10.0
Ek Aasha,2018,7.8,,10.0
Yaksh,2018,6.7,,10.0
Megalopolis,2018,7.2,,10.0
Chidi Balla,2018,6.0,,10.0
Kathor,I) (2018,5.8,,9.0
Welcome M1LL10NS,2018,6.7,,9.0
Number Game,2018,6.5,,8.0
22 Days,2018,5.0,,8.0
Medal,2018,7.0,,8.0
Jannat E Milan,2018,2.8,,8.0
Hamara Tiranga,2018,7.5,,8.0
Turtle,2018,7.2,,8.0
Love Trainning,2018,4.0,,7.0
Mausam Ikrar Ke Do Pal Pyar Ke,2018,2.3,,7.0
Shaheed- E- Aazam,2018,6.1,,7.0
Myrah,2018,5.3,,7.0
Ashok Vatika,2018,8.1,,7.0
Game Paisa Ladki,2018,6.4,,7.0
Painting Life,2018,6.3,,7.0
Terror Strike,2018,6.6,,7.0
Pakhi,2018,6.0,,7.0
Aasma,2018,4.6,,7.0
Lateef to laden,2018,6.7,,6.0
The Indian Post Graduate,2018,3.8,,6.0
Krina,2018,5.8,,6.0
Yeh Kaisa Tigdam,2018,6.0,,6.0
Doctor I Love You,2018,7.0,,5.0
Ek Tha Hero,2018,4.0,,5.0
Chholyar,2018,,,
Vishapuram,2018,,,
Seelavathi,2018,,,
Naaku Manasundhe,2018,,,
Chhappan Bhai,2018,,,
Midnight Delhi,2018,,,
Boyfriend.com,2018,,,
Sandra Beds Sandeep,2018,,,
Dhappa (Hindi),2018,,,
Uns,2018,,,
Chameli,2018,,,
Pending love,2018,,,
The Joyous Nights of a Ridiculous Man,2018,,,
Anurag Maurya Act,2018,,,
Kya Tum,2018,,,
Chal Jaa Bapu,2018,,,
Pariwar ae babu,2018,,,
Guru ji: Ahead of time,2018,,,
Yeh Hai Paranormal Ishq,2018,,,
Madhav - Every Child Needs A Mentor,2018,,,
My Dear Wife,2018,,,
Tarana - The Black Story,2018,,,
Bajra Vs Burger,2018,,,
Dabang Sarkar,2018,,,
Half Songs,2018,,,
Maut Phir Aayegi,2018,,,
Bhoot Junction,2018,,,
Unmaad,2018,,,
Prarabdh,2018,,,
Murder on the Road to Kathmandu,2018,,,
Hostel Girl's,2018,,,
Chhattisgarh - A Numismatic History,2018,,,
Kathor,II) (2018,,,
Spring Thunder,2018,,,
Trippy Trip,2018,,,
Touttay,2018,,,
Meri Shaan Hai Vardi,2018,,,
Bhootwali Love Story,2018,,,
Aaya Hai Dulha Dulhan Le Jayega (AHDDLJ),2018,,,
Auto Romance in Mumbai,2018,,,
Youth Future,2018,,,
Riti Rivaj,2018,,,
Chhichhore,2019,8.2,,31284.0
Gully Boy,2019,8.1,65.0,30595.0
Kabir Singh,2019,7.1,,25594.0
Article 15,2019,8.2,,22248.0
Badla,2019,7.8,,21511.0
Super 30,2019,8.0,,19924.0
Bharat,2019,5.2,,19318.0
War,2019,6.5,,18595.0
Student of the Year 2,2019,2.2,,15626.0
Kesari,2019,7.4,,14026.0
Good Newwz,2019,7.0,,13605.0
Kalank,2019,3.5,,11579.0
Mission Mangal,2019,6.5,,11084.0
Dream Girl,III) (2019,7.0,,11054.0
Bala,2019,7.4,,11050.0
Section 375,2019,8.1,,11017.0
Dabangg 3,2019,3.2,,9655.0
Housefull 4,2019,3.4,,9273.0
Manikarnika: The Queen of Jhansi,2019,6.4,,9262.0
Batla House,2019,7.2,,9178.0
The Tashkent Files,2019,7.8,,8499.0
Luka Chuppi,I) (2019,6.3,,8060.0
Mardaani 2,2019,7.4,,7247.0
Sonchiriya,2019,7.9,,7191.0
De De Pyaar De,2019,6.6,,6818.0
The Sky Is Pink,2019,7.5,55.0,6735.0
The Accidental Prime Minister,2019,6.0,,6109.0
Total Dhamaal,2019,4.3,,5592.0
Pati Patni Aur Woh,2019,5.8,,5468.0
PM Narendra Modi,2019,3.1,,5274.0
Drive,I) (2019,3.0,,5221.0
Judgementall Hai Kya,2019,6.0,,4980.0
Romeo Akbar Walter,2019,6.5,,4758.0
Ujda Chaman,2019,6.9,,4656.0
Dolly Kitty and Those Twinkling Stars,2019,5.4,,4450.0
Panipat,2019,5.4,,4043.0
Photograph,I) (2019,6.8,65.0,3930.0
Chopsticks,2019,6.5,,3916.0
Saand Ki Aankh,2019,7.8,,3861.0
Ek Ladki Ko Dekha Toh Aisa Laga,2019,5.5,,3654.0
Laal Kaptaan,2019,7.3,,3545.0
Made in China,II) (2019,6.2,,3362.0
Thackeray,2019,5.2,,2824.0
Marjaavaan,2019,3.5,,2696.0
The Body,II) (2019,5.4,,2621.0
Yeh Saali Aashiqui,2019,7.9,,2617.0
Why Cheat India,2019,6.0,,2265.0
Cargo,2019,5.7,,2185.0
Little Baby,2019,9.1,,2097.0
Commando 3,2019,5.6,,2080.0
The Lift Boy,2019,7.2,,1981.0
Notebook,I) (2019,6.9,,1947.0
The Zoya Factor,2019,4.2,,1892.0
Pagalpanti,2019,3.1,,1877.0
India's Most Wanted,2019,4.5,,1825.0
NTR Kathanayakudu,2019,5.7,,1810.0
Axone,2019,7.0,,1731.0
Junglee,2019,5.4,,1479.0
Pailwaan,2019,6.4,,1444.0
Gumnaami,2019,7.8,,1363.0
House Arrest,2019,5.5,,1359.0
The Elder One,2019,7.6,,1348.0
Thambi,2019,6.8,,1341.0
One Day: Justice Delivered,2019,5.5,,1337.0
Ghost,I) (2019,5.1,,1239.0
Jabariya Jodi,2019,4.4,,1174.0
Tottaa Pataaka Item Maal,2019,8.0,,1172.0
Gone Kesh,2019,7.0,,1150.0
Jhalki,2019,8.7,,1140.0
Prassthanam,2019,5.9,,1099.0
Khandaani Shafakhana,2019,4.0,,1050.0
Arjun Patiala,2019,4.2,,983.0
Kanpuriye,2019,6.2,,976.0
Kurukshetra,2019,6.9,,974.0
Pal Pal Dil Ke Paas,2019,4.6,,945.0
Kadakh,2019,6.9,,937.0
Barot House,2019,7.3,,917.0
Paharganj,2019,4.9,,872.0
Blank,II) (2019,6.2,,854.0
Chhappad Phaad Ke,2019,6.3,,831.0
Bypass Road,2019,5.4,,800.0
Praana,2019,8.4,,785.0
Chippa,2019,6.4,,774.0
Satellite Shankar,2019,6.3,,772.0
Malaal,2019,5.8,,746.0
Penalty,2019,5.5,,727.0
Mudda 370 J&K,2019,8.8,,679.0
Action,III) (2019,4.5,,663.0
P Se Pyaar F Se Faraar,2019,6.8,,638.0
Badnaam Gali,2019,7.0,,618.0
Upstarts,2019,6.7,,616.0
Fraud Saiyyan,2019,4.2,,604.0
Marudhar Express,2019,6.3,,593.0
Eeb Allay Ooo!,2019,7.4,,580.0
What are the Odds?,2019,5.3,,541.0
Music Teacher,2019,6.3,,496.0
Yeh Suhaagraat Impossible,2019,8.8,,492.0
Family of Thakurganj,2019,8.5,,434.0
706,2019,5.3,,382.0
Scotland,2019,5.1,,382.0
Mushkil,2019,5.0,,379.0
22 Yards,2019,6.3,,375.0
Bombairiya,2019,4.5,,356.0
S.P. Chauhan,2019,5.5,,354.0
Albert Pinto Ko Gussa Kyun Aata Hai?,2019,5.7,,350.0
Chanakya,2019,5.4,,322.0
Jhootha Kahin Ka,2019,4.8,,311.0
Darkness Visible,2019,5.6,,310.0
Sharma Ji Ki Lag Gayi,2019,5.2,,292.0
Amavas,2019,2.8,,289.0
Milan Talkies,2019,5.0,,289.0
Kirket,2019,7.6,,271.0
Hum Chaar,2019,5.7,,250.0
Pranaam,2019,4.3,,250.0
Setters,2019,5.2,,233.0
Khamoshi,2019,3.5,,218.0
72 Hours: Martyr Who Never Died,2019,5.2,,214.0
Rangeela Raja,2019,2.3,,201.0
Kissebaaz,2019,4.6,,178.0
Noblemen,2019,5.8,,161.0
Cabaret,2019,3.5,,158.0
Rakkhosh,2019,4.8,,148.0
Devil's Daughter,2019,2.6,,146.0
Bombay Rose,2019,6.4,,123.0
Fastey Fasaatey,2019,4.5,,115.0
Hume Tumse Pyaar Kitna,2019,4.8,,107.0
Chhota Bheem Kung Fu Dhamaka,2019,6.6,,94.0
Battalion 609,2019,4.0,,90.0
The Sholay Girl,2019,7.7,,87.0
Singham,2019,5.4,,77.0
Officer Arjun Singh IPS,2019,8.7,,75.0
The Pickup Artist,2019,8.8,,74.0
377 AbNormal,2019,6.4,,71.0
Chousar Firangi,2019,6.8,,69.0
Ram Ki Janmabhoomi,2019,6.3,,69.0
Marne Bhi Do Yaaron,2019,4.5,,66.0
Happi,2019,7.3,,61.0
Taking the Horse to Eat Jalebis,2019,5.9,,48.0
Umakant Pandey Purush Ya,2019,6.8,,47.0
Roam Rome Mein,2019,7.6,,46.0
Dhuusar,2019,9.0,,46.0
Dosti Ke Side Effects,2019,3.1,,43.0
Main Zaroor Aaunga,2019,4.0,,42.0
Blackboard vs Whiteboard,2019,5.2,,40.0
Jhol,2019,8.0,,39.0
The Great Indian Escape,2019,7.5,,37.0
Tennis Buddies,2019,5.3,,36.0
Moksh To Maya,2019,4.4,,35.0
X Ray: The Inner Image,2019,3.4,,35.0
#Yaaram,2019,4.5,,34.0
Is She Raju?,2019,4.7,,31.0
The Last Color,2019,8.9,,31.0
Ekta,2019,7.9,,31.0
Bedhab,2019,5.7,,31.0
Tarpan: The Salvation,2019,8.1,,30.0
Remember Amnesia,2019,7.5,,30.0
Chicken Curry Law,2019,5.3,,29.0
Just Like That,2019,7.5,,27.0
3 Dev,2019,6.2,,26.0
Bitter Chestnut,2019,6.8,,26.0
Nirvana Inn,2019,7.7,,25.0
Facebook wala pyaar,2019,5.1,,25.0
Kastoori,2019,8.7,,25.0
Baal Ki Khaal,2019,7.5,,25.0
Hyderabad Nawabs 2,2019,5.2,,25.0
Chhorriyan Chhoron Se Kam Nahi Hoti,2019,6.8,,25.0
Cypher,2019,8.5,,25.0
Tara Mira,2019,6.6,,24.0
A Thin Line,2019,7.9,,24.0
Used,2019,7.6,,24.0
La cinta de Alex,2019,5.5,,23.0
Veergati,2019,6.2,,22.0
Raahgir,2019,7.2,,22.0
Junction Varanasi,2019,3.6,,21.0
Lihaaf: The Quilt,2019,6.5,,21.0
Life Mein Time Nahi Hai Kisi Ko,2019,7.0,,21.0
Time To Retaliate: MASOOM,2019,5.5,,20.0
Unmatta,2019,6.5,,19.0
Dank,2019,5.7,,19.0
Gunwali Dulhaniya,2019,3.8,,18.0
Khamiyaza,2019,4.2,,18.0
Nakkash,2019,6.8,,18.0
Devil (Maupassant's Le Diable),2019,5.0,,17.0
Grihalakshmi - The Awakening,2019,8.9,,17.0
Aadhaar,2019,6.6,,17.0
Risknamaa,2019,6.4,,15.0
Falsafa,2019,6.9,,15.0
Jacqueline I Am Coming,2019,7.8,,15.0
Kasaai,2019,6.6,,14.0
1978: A Teen Night Out,2019,5.0,,14.0
Rescue,II) (2019,5.4,,13.0
Daawat-e-Biryani,2019,7.5,,13.0
Jwlwi - The Seed,2019,7.2,,13.0
Hansa Ek Sanyog,2019,7.4,,12.0
Ammaa Ki Boli,2019,5.8,,12.0
Country of Blind,2019,8.2,,12.0
Seasons Greeting,2019,6.3,,12.0
A Gift of Love: Sifar,2019,8.6,,12.0
Ramprasad Ki Tehrvi,2019,5.4,,11.0
Aani Maani,2019,6.5,,10.0
Chai Coffee,2019,7.7,,10.0
Adventure Kids Hindi Film,2019,6.8,,10.0
The Destiny Samaj of Banjaraa,2019,7.0,,9.0
Make in India,2019,7.0,,9.0
Shuruaat Ka Twist,2019,6.6,,9.0
12 O' Clock,2020,4.7,,9.0
Upeksha,2019,7.6,,8.0
The Himalayan Diaries,2019,7.8,,8.0
Love You Krishna,2019,5.9,,8.0
Filter Coffee Liquor Cha,2019,6.8,,8.0
Jai Chhathi Maa,2019,7.8,,8.0
Code Blue,2019,6.9,,7.0
Ranj,2019,6.4,,7.0
#Gadhvi (He thought he was Gandhi),2019,6.7,,7.0
LuvUTurn,2019,7.0,,7.0
Priya: The Charming Girl of India,2019,3.6,,7.0
Alajh Palajh,2019,6.9,,7.0
Verdict,IV) (2019,4.3,,7.0
Bagpat Ka Dulha,2019,5.5,,6.0
Kandy Twist,2019,7.7,,6.0
My Angel My Teacher,2019,5.3,,6.0
Beautiful,III) (2019,9.8,,5.0
An Ungodly Tie,2019,,,
Holy Cow,II) (2019,,,
The Comeback: A Tale of Irrelevance,2019,,,
Ye Saccha Swabhimaan Sahi Sangharsh,2019,,,
Oxygen,2019,,,
Dosti Zindabad,2019,,,
2 Band Radio,2019,,,
Endcounter,2019,,,
Gho Gho Rani,2019,,,
Little boy,2019,,,
Mansukh Chaturvedi Ki Atmakatha,2019,,,
Wo Jo Tha EK Messiah Maulana Azad,2019,,,
Never Give Up,I) (2019,,,
Kanpur Ke Sholay,2019,,,
Parking Closed,2019,,,
I Am Banni,2019,,,
Unfriends,2019,,,
Lafange Nawab,2019,,,
Pagal Kar Diya Toone,2019,,,
Suspense,2019,,,
Ganit,2019,,,
Ranoo: Bar wali,2019,,,
Keep Safe Distance,2019,,,
Phir Ussi Mod Par,2019,,,
3rd EYE,2019,,,
Kadke Kamal Ke,2019,,,
One Night At Villa,2019,,,
I Am Zero,2019,,,
Dil Bechara,2020,7.9,,106760.0
Sadak 2,2020,1.1,,59395.0
Chhapaak,2020,5.1,,24161.0
Laxmii,2020,2.3,,23557.0
Gunjan Saxena: The Kargil Girl,2020,5.2,,23017.0
Tanhaji: The Unsung Warrior,2020,7.6,,20062.0
Khuda Haafiz,2020,7.2,,13701.0
Thappad,I) (2020,6.9,,13536.0
Raat Akeli Hai,2020,7.3,,12701.0
Mrs. Serial Killer,2020,4.9,,11796.0
Lootcase,2020,7.6,,11649.0
Angrezi Medium,2020,7.3,,9993.0
Gulabo Sitabo,2020,6.4,,9937.0
Bulbbul,2020,6.6,,8617.0
Baaghi 3,2020,2.1,,8195.0
Malang,2020,6.5,,7530.0
Shakuntala Devi,2020,6.1,,7364.0
Shubh Mangal Zyada Saavdhan,2020,5.8,,7272.0
Love Aaj Kal,2020,5.0,,6525.0
Khaali Peeli,2020,2.1,,6456.0
Shikara,2020,3.7,,5961.0
Jawaani Jaaneman,2020,6.7,,5608.0
Street Dancer 3D,2020,3.6,,5009.0
Chaman Bahaar,2020,7.0,,4905.0
Panga,2020,6.8,,4601.0
Class of '83,2020,5.9,,4524.0
Choked,2020,5.8,,4377.0
Serious Men,2020,6.9,,4350.0
Ghost Stories,2020,4.3,,4205.0
Bhoot: Part One - The Haunted Ship,2020,5.4,,3820.0
Yaara,2020,6.3,,3583.0
Guilty,II) (2020,5.4,,3552.0
Chintu Ka Birthday,2020,7.8,,3470.0
Ginny Weds Sunny,2020,5.6,,2856.0
Ghoomketu,2020,5.7,,2683.0
Pareeksha,2020,8.1,,2488.0
Taish,2020,7.7,,2228.0
Virgin Bhanupriya,2020,5.4,,1769.0
Bahut Hua Sammaan,2020,7.3,,1708.0
Doordarshan,2020,6.2,,1650.0
Atkan Chatkan,2020,8.1,,1599.0
Bamfaad,2020,7.3,,1553.0
London Confidental,2020,6.5,,1483.0
Tiki Taka,2020,7.7,,1229.0
Comedy Couple,2020,7.8,,1227.0
Maska,2020,5.9,,1213.0
Shimla Mirchi,2020,4.6,,1069.0
Halahal,2020,7.1,,950.0
Hacked,II) (2020,4.2,,938.0
Ram Singh Charlie,2020,8.0,,847.0
Yeh Ballet,2020,7.6,,842.0
Jai Mummy Di,2020,3.6,,723.0
Kaali Khuhi,2020,3.4,,709.0
Shukranu,2020,6.4,,544.0
Happy Hardy and Heer,2020,6.1,,478.0
My Client's Wife,2020,6.1,,468.0
Mee Raqsam,2020,6.8,,347.0
Operation Parindey,2020,4.8,,310.0
Welcome Home,VI) (2020,7.9,,280.0
The Disciple,2020,6.8,79.0,252.0
Bhangra Paa Le,2020,6.2,,243.0
Dhoosarit - the Grey,2020,8.3,,220.0
Yahan Sabhi Gyani Hain,2020,5.2,,215.0
376 D,2020,6.0,,207.0
Footfairy,2020,5.0,,195.0
Ateet,2020,4.1,,173.0
Cookie,I) (2020,7.1,,170.0
Court Martial,2020,6.8,,132.0
Gul Makai,2020,2.1,,118.0
Wanton,2020,4.7,,109.0
Unkahee,2020,4.5,,79.0
Shehri Gabru,2020,9.6,,74.0
Bunker,I) (2020,6.8,,73.0
A Game Called Relationship,2020,8.7,,59.0
The Evening Show,2020,8.9,,57.0
Dheet Patangey,2020,7.1,,49.0
Tallukh,2020,5.5,,44.0
Laila Aur Satt Geet,2020,6.8,,41.0
X Zone,2020,2.6,,41.0
Sab Kushal Mangal,2020,6.1,,38.0
The Hidden Strike,2020,3.5,,37.0
Meel patthar,2020,5.9,,37.0
Pepper Chicken,2020,7.3,,34.0
Guns of Banaras,2020,7.1,,32.0
The Kashmir Files,2020,,,
Astounding Courage in Distress,2020,7.3,,31.0
Dhaakad,2020,7.0,,30.0
Regards & Peace,2020,5.5,,27.0
No Man's Truth,2020,7.0,,25.0
Main Mulayam Singh Yadav,2020,7.8,,24.0
Most Common Budbak,2020,8.8,,23.0
I Know You,2020,3.1,,20.0
Kaanchli Life in a Slough,2020,6.9,,19.0
Kriya,2020,7.0,,18.0
Haunted Hills,2020,7.5,,18.0
Ek Sainik - The Tale of a warrior,2020,8.1,,16.0
Taanashah,2020,7.9,,16.0
Srinagar,2020,8.3,,15.0
Vilom,2020,6.3,,15.0
Kottayam,2020,6.9,,13.0
The Pushkar Lodge,2020,9.2,,13.0
Home Stories,2020,5.8,,13.0
Nympho: The Lust Story,2020,7.8,,13.0
Babloo Bachelor,2020,6.8,,11.0
English ki taay taay fisss,2020,6.0,,10.0
Kehta Hai Yeh Dil,2020,3.8,,8.0
Harami,2020,9.3,,7.0
Darklight,2020,6.4,,7.0
The Journey Weekend Night,2020,6.1,,7.0
Run Zindagi Run,2020,6.6,,7.0
Tryst with Destiny,2020,8.8,,6.0
Strawberry Point,2020,6.7,,6.0
Desi Magic,2020,,,
Marma Mudichu,2020,6.8,,6.0
Sthalpuran,2020,6.2,,6.0
Pagleaazam,2020,4.7,,6.0
The Hundred Bucks,2020,5.0,,6.0
The Cage of Life,2020,7.0,,5.0
Maali,2020,,,
War Against Gandhism,2020,,,
Gandhi vs Aazaad,2020,,,
The Big Bull,2020,,,
Tank Cleaner,2020,,,
Bunnu K. Endo Maye,2020,,,
Corvid's Head,2020,,,
Shakeela,2020,,,
See You in Court,2020,,,
Coat,2020,,,
The Killer,2020,,,
Haunted Evil Dead,2020,,,
Rocketry: The Nambi Effect,2020,,,
Ekram,2020,,,
Bairy Suratiya,2020,,,
Love Alert,2020,,,
Sharmaji Namkeen,2020,,,
Badnaam,2020,,,
Bob Biswas,2020,,,
Jhund,2020,,,
Hungama 2,2020,,,
Chhalaang,2020,,,
Mira,I) (2020,,,
Chote Nawab,2020,,,
Match Of Life,2020,,,
Deendayal Ek Yug Purush,2020,,,
Saroj Ka Rishta,2020,,,
Shaheed Chandrashekhar Azaad,2020,,,
Mrs & Mr Khurana,2020,,,
Silence of Sleep,2020,,,
Mumbaiyya: The Daring Mumbaikar!,2020,,,
Rashna:The Ray of Light,2020,,,
Gaalib,2020,,,
Attack,2020,,,
'83,2020,,,
777 Charlie,2020,,,
Ludo,2020,,,
Sandeep Aur Pinky Faraar,2020,,,
Quickie,2020,,,
Jersey,II) (2020,,,
Main Khudiram Bose Hun,2020,,,
Shades of Life,2020,,,
Tina and Lolo,2020,,,
Aayaam,2020,,,
Squad,2020,,,
Shooter,II) (2020,,,
Mera Ramrajya Nai Kranti,2020,,,
Filmi Raasleela,2020,,,
It's My Life,2020,,,
Teri Diwali Meri Christmas,2020,,,
Sayonee,2020,,,
Bishwa,2020,,,
Bhaiya Ki Biwi,2020,,,
13 Tribute of Love,2020,,,
Bobby Darogan,2020,,,
Manovancha Phalasiddirastu,2020,,,
Ghost Story - An Abstract Film,2020,,,
Shahzada Ali,2020,,,
Sir Sir Sarla,2020,,,
Sakshi,II) (2020,,,
Crazy Uncles,2020,,,
Netua,2020,,,
Ghar Pe Bataao,2020,,,
The Last Mistake of My Life,2020,,,
Suttabaazi,2020,,,
Lahore Confidential,2020,,,
Matto Ki Saikil,2020,,,
Before You Go-Love,2020,,,
Guest Unwanted,2020,,,
Gamanam,2020,,,
Sunderkand Let love find you,2020,,,
Sitara,2020,,,
Mughalsarai Junction,2020,,,
Watch Over Me,2020,,,
Faactory,2020,,,
Ghanta the mystery bell,2020,,,
WishList (IND),2020,,,
Koler Gaan,2020,,,
Woh 3 Din,2020,,,
Little Singham: Kaal Ka Badla,2020,,,
Umeed,2020,,,
Parchhaiyaan,2020,,,
Noise of Silence,2020,,,
Narayana,2020,,,
Baabul Ki Dua,2020,,,
Indu in a Burkha,2020,,,
Kosa,2020,,,
Hamaari Bhabhi,2020,,,
Perversion,2020,,,
Blood Sugar,2020,,,
Diary - A Life of Indian Housewife,2020,,,
Zindagi Mumbai,2020,,,
Machaan,2020,,,
Shaan,2020,,,
Meri Aai,2020,,,
Namumkin Tere Bin Jeena,2020,,,
Zara Thehro,2020,,,
Aafat-e-Ishq,2020,,,
Kaithi,2020,,,
Sragaal,2020,,,
8119 Miles,2020,,,
Careless,2020,,,
Demons of the inner universe,2020,,,
Mere Desh Ki Dharti,2020,,,
Vidhan,2020,,,
Love Scope,2020,,,
Green Signal,2020,,,
Walk,2020,,,
Ek Battey Do,2020,,,
Sarojini,2020,,,
Kiara,II) (2020,,,
Amriki Pandit,2020,,,
Do It for Me,2020,,,
Cinemaa Zindabad,2020,,,
Love in A Taxi,2020,,,
Shoonya,2020,,,
Kaun Con Hai?,2020,,,
Safaibaaz - The Scavenger,2020,,,
Katha,2020,,,
Icarus,I) (2020,,,
Karmveer- The Pursuit of Dreams,2020,,,
Dhoort,2020,,,
Kabaad- The Coin,2020,,,
The Sound of Silence,I) (2020,,,
Sukannya Bani Hai Durga,2020,,,
Sujata,2020,,,
Welcome on Board,2020,,,
Joda Thath Ka,2020,,,
The Other Room,2020,,,
Pange Yahan Sab Lafange,2020,,,
Bungalow No. 666,2020,,,
Adrashya,2020,,,
